DroneID,PosX,PosY,PosZ,VelX,VelY,VelZ,ThrustZ
0,0.03,-0.07,9.80,0.33,-0.69,-1.96,-11.77
1,2.59,-0.08,9.80,0.87,-0.76,-1.96,-11.77
2,5.08,0.01,9.80,0.79,0.07,-1.96,-11.77
3,0.02,2.55,9.80,0.17,0.54,-1.96,-11.77
4,2.67,2.55,9.80,1.68,0.51,-1.96,-11.77
0,0.17,-0.11,9.62,1.36,-0.41,-1.84,-10.36
1,2.73,-0.20,9.62,1.39,-1.19,-1.84,-10.36
2,5.29,0.02,9.62,2.07,0.14,-1.84,-10.36
3,0.07,2.63,9.62,0.53,0.78,-1.84,-10.36
4,2.94,2.62,9.62,2.77,0.73,-1.84,-10.36
0,0.30,-0.14,9.45,1.30,-0.27,-1.73,-9.03
1,2.90,-0.34,9.45,1.79,-1.46,-1.73,-9.03
2,5.49,0.04,9.45,2.07,0.18,-1.73,-9.03
3,0.16,2.72,9.45,0.88,0.90,-1.73,-9.03
4,3.30,2.70,9.45,3.51,0.80,-1.73,-9.03
0,0.44,-0.14,9.28,1.40,-0.05,-1.63,-7.78
1,3.11,-0.50,9.28,2.06,-1.63,-1.63,-7.78
2,5.82,0.02,9.28,3.30,-0.18,-1.63,-7.78
3,0.30,2.84,9.28,1.48,1.14,-1.63,-7.78
4,3.68,2.73,9.28,3.88,0.29,-1.63,-7.78
0,0.66,-0.20,9.13,2.24,-0.54,-1.53,-6.61
1,3.28,-0.62,9.13,1.66,-1.15,-1.53,-6.61
2,6.21,-0.01,9.13,3.92,-0.33,-1.53,-6.61
3,0.48,2.94,9.13,1.71,1.05,-1.53,-6.61
4,4.10,2.77,9.13,4.16,0.41,-1.53,-6.61
0,0.95,-0.28,8.99,2.87,-0.84,-1.44,-5.51
1,3.42,-0.76,8.99,1.45,-1.39,-1.44,-5.51
2,6.59,-0.07,8.99,3.70,-0.54,-1.44,-5.51
3,0.73,3.03,8.99,2.50,0.91,-1.44,-5.51
4,4.46,2.87,8.99,3.58,0.94,-1.44,-5.51
0,1.18,-0.32,8.85,2.35,-0.36,-1.35,-4.47
1,3.69,-0.86,8.85,2.64,-0.97,-1.35,-4.47
2,6.96,-0.07,8.85,3.70,-0.09,-1.35,-4.47
3,1.01,3.12,8.85,2.86,0.89,-1.35,-4.47
4,4.79,2.89,8.85,3.32,0.25,-1.35,-4.47
0,1.41,-0.37,8.72,2.23,-0.48,-1.27,-3.50
1,3.99,-0.93,8.72,3.09,-0.79,-1.27,-3.50
2,7.33,-0.06,8.72,3.75,0.15,-1.27,-3.50
3,1.34,3.19,8.72,3.32,0.70,-1.27,-3.50
4,5.11,2.89,8.72,3.18,-0.06,-1.27,-3.50
0,1.69,-0.38,8.60,2.85,-0.11,-1.20,-2.58
1,4.33,-1.00,8.60,3.40,-0.66,-1.20,-2.58
2,7.71,-0.03,8.60,3.76,0.31,-1.20,-2.58
3,1.69,3.19,8.60,3.48,0.04,-1.20,-2.58
4,5.41,2.83,8.60,3.01,-0.58,-1.20,-2.58
0,1.95,-0.35,8.49,2.63,0.30,-1.12,-1.72
1,4.74,-1.03,8.49,4.11,-0.28,-1.12,-1.72
2,8.04,-0.00,8.49,3.30,0.25,-1.12,-1.72
3,2.05,3.15,8.49,3.60,-0.44,-1.12,-1.72
4,5.70,2.73,8.49,2.90,-0.94,-1.12,-1.72
0,2.21,-0.35,8.39,2.51,-0.04,-1.06,-0.91
1,5.15,-1.06,8.39,4.04,-0.31,-1.06,-0.91
2,8.39,0.04,8.39,3.55,0.38,-1.06,-0.91
3,2.44,3.07,8.39,3.87,-0.76,-1.06,-0.91
4,5.97,2.63,8.39,2.77,-1.02,-1.06,-0.91
0,2.45,-0.38,8.29,2.46,-0.30,-0.99,-0.15
1,5.54,-1.08,8.29,3.87,-0.22,-0.99,-0.15
2,8.75,0.09,8.29,3.55,0.54,-0.99,-0.15
3,2.83,3.04,8.29,3.91,-0.40,-0.99,-0.15
4,6.24,2.51,8.29,2.68,-1.18,-0.99,-0.15
0,2.69,-0.43,8.19,2.43,-0.48,-0.93,0.57
1,5.91,-1.10,8.19,3.72,-0.15,-0.93,0.57
2,9.11,0.15,8.19,3.63,0.60,-0.93,0.57
3,3.18,3.02,8.19,3.52,-0.13,-0.93,0.57
4,6.48,2.42,8.19,2.35,-0.93,-0.93,0.57
0,2.94,-0.49,8.11,2.42,-0.60,-0.88,1.24
1,6.31,-1.09,8.11,4.05,0.09,-0.88,1.24
2,9.51,0.18,8.11,4.02,0.29,-0.88,1.24
3,3.55,3.03,8.11,3.68,0.09,-0.88,1.24
4,6.79,2.31,8.11,3.11,-1.12,-0.88,1.24
0,3.19,-0.50,8.02,2.55,-0.10,-0.83,1.87
1,6.68,-1.14,8.02,3.71,-0.51,-0.83,1.87
2,9.96,0.19,8.02,4.53,0.12,-0.83,1.87
3,3.88,2.99,8.02,3.28,-0.37,-0.83,1.87
4,7.16,2.24,8.02,3.75,-0.68,-0.83,1.87
0,3.51,-0.48,7.95,3.14,0.15,-0.78,2.47
1,7.05,-1.15,7.95,3.63,-0.08,-0.78,2.47
2,10.35,0.16,7.95,3.85,-0.26,-0.78,2.47
3,4.18,2.92,7.95,3.02,-0.69,-0.78,2.47
4,7.53,2.23,7.95,3.66,-0.13,-0.78,2.47
0,3.85,-0.52,7.87,3.42,-0.36,-0.73,3.02
1,7.39,-1.17,7.87,3.38,-0.28,-0.73,3.02
2,10.72,0.12,7.87,3.73,-0.47,-0.73,3.02
3,4.48,2.89,7.87,2.97,-0.32,-0.73,3.02
4,7.84,2.26,7.87,3.09,0.36,-0.73,3.02
0,4.23,-0.53,7.80,3.83,-0.14,-0.69,3.55
1,7.71,-1.16,7.80,3.28,0.11,-0.69,3.55
2,11.04,0.08,7.80,3.14,-0.35,-0.69,3.55
3,4.77,2.88,7.80,2.92,-0.09,-0.69,3.55
4,8.20,2.29,7.80,3.57,0.28,-0.69,3.55
0,4.63,-0.58,7.74,4.02,-0.48,-0.64,4.04
1,8.03,-1.18,7.74,3.14,-0.11,-0.64,4.04
2,11.30,0.07,7.74,2.65,-0.18,-0.64,4.04
3,5.05,2.84,7.74,2.79,-0.42,-0.64,4.04
4,8.59,2.31,7.74,3.98,0.15,-0.64,4.04
0,5.05,-0.60,7.68,4.15,-0.19,-0.61,4.51
1,8.35,-1.14,7.68,3.21,0.32,-0.61,4.51
2,11.57,0.05,7.68,2.69,-0.12,-0.61,4.51
3,5.38,2.81,7.68,3.37,-0.26,-0.61,4.51
4,8.95,2.26,7.68,3.56,-0.47,-0.61,4.51
0,5.46,-0.65,7.62,4.17,-0.51,-0.57,4.94
1,8.66,-1.17,7.62,3.12,-0.28,-0.57,4.94
2,11.89,0.06,7.62,3.18,0.06,-0.57,4.94
3,5.75,2.81,7.62,3.67,-0.05,-0.57,4.94
4,9.24,2.22,7.62,2.94,-0.44,-0.57,4.94
0,5.89,-0.67,7.57,4.22,-0.21,-0.54,5.35
1,8.98,-1.25,7.57,3.16,-0.80,-0.54,5.35
2,12.24,0.08,7.57,3.52,0.17,-0.54,5.35
3,6.14,2.81,7.57,3.85,-0.00,-0.54,5.35
4,9.49,2.23,7.57,2.48,0.10,-0.54,5.35
0,6.25,-0.71,7.52,3.61,-0.37,-0.50,5.74
1,9.31,-1.28,7.52,3.30,-0.24,-0.50,5.74
2,12.58,0.05,7.52,3.41,-0.22,-0.50,5.74
3,6.48,2.82,7.52,3.45,0.10,-0.50,5.74
4,9.80,2.17,7.52,3.06,-0.58,-0.50,5.74
0,6.56,-0.70,7.47,3.08,0.09,-0.47,6.10
1,9.62,-1.31,7.47,3.14,-0.34,-0.47,6.10
2,12.92,0.01,7.47,3.33,-0.48,-0.47,6.10
3,6.77,2.79,7.47,2.86,-0.25,-0.47,6.10
4,10.11,2.15,7.47,3.15,-0.18,-0.47,6.10
0,6.83,-0.67,7.43,2.72,0.27,-0.44,6.44
1,9.98,-1.36,7.43,3.57,-0.50,-0.44,6.44
2,12.88,0.01,7.43,-0.33,0.07,-0.44,6.44
3,7.02,2.75,7.43,2.57,-0.47,-0.44,6.44
4,10.47,2.12,7.43,3.60,-0.27,-0.44,6.44
0,7.09,-0.62,7.38,2.60,0.48,-0.42,6.76
1,10.37,-1.36,7.38,3.92,-0.00,-0.42,6.76
2,12.96,0.00,7.38,0.78,-0.09,-0.42,6.76
3,7.33,2.71,7.38,3.08,-0.34,-0.42,6.76
4,10.75,2.08,7.38,2.82,-0.43,-0.42,6.76
0,7.37,-0.58,7.35,2.80,0.43,-0.39,7.06
1,10.71,-1.41,7.35,3.44,-0.52,-0.39,7.06
2,13.06,-0.00,7.35,0.99,-0.06,-0.39,7.06
3,7.67,2.69,7.35,3.34,-0.21,-0.39,7.06
4,11.03,2.08,7.35,2.80,0.01,-0.39,7.06
0,7.64,-0.52,7.31,2.68,0.58,-0.37,7.34
1,11.03,-1.46,7.31,3.19,-0.51,-0.37,7.34
2,13.15,-0.01,7.31,0.91,-0.05,-0.37,7.34
3,7.97,2.69,7.31,3.01,-0.04,-0.37,7.34
4,11.31,2.05,7.31,2.71,-0.28,-0.37,7.34
0,7.95,-0.53,7.27,3.13,-0.03,-0.35,7.61
1,11.27,-1.49,7.27,2.39,-0.29,-0.35,7.61
2,13.25,-0.02,7.27,1.04,-0.10,-0.35,7.61
3,8.24,2.70,7.27,2.77,0.08,-0.35,7.61
4,11.62,1.96,7.27,3.11,-0.97,-0.35,7.61
0,8.24,-0.50,7.24,2.90,0.26,-0.33,7.86
1,11.50,-1.57,7.24,2.24,-0.81,-0.33,7.86
2,13.35,-0.02,7.24,0.98,-0.07,-0.33,7.86
3,8.55,2.70,7.24,3.08,0.06,-0.33,7.86
4,11.91,1.93,7.24,2.89,-0.30,-0.33,7.86
0,8.51,-0.51,7.21,2.68,-0.08,-0.31,8.09
1,11.78,-1.59,7.21,2.82,-0.17,-0.31,8.09
2,13.45,-0.03,7.21,0.98,-0.08,-0.31,8.09
3,8.83,2.72,7.21,2.79,0.13,-0.31,8.09
4,12.12,1.89,7.21,2.15,-0.31,-0.31,8.09
0,8.75,-0.54,7.18,2.42,-0.35,-0.29,8.31
1,11.98,-1.59,7.18,2.05,-0.01,-0.29,8.31
2,13.55,-0.04,7.18,0.99,-0.05,-0.29,8.31
3,9.09,2.73,7.18,2.56,0.17,-0.29,8.31
4,12.29,1.87,7.18,1.71,-0.24,-0.29,8.31
0,9.03,-0.61,7.15,2.79,-0.63,-0.27,8.52
1,12.24,-1.60,7.15,2.58,-0.05,-0.27,8.52
2,13.60,0.03,7.15,0.48,0.69,-0.27,8.52
3,9.31,2.76,7.15,2.28,0.30,-0.27,8.52
4,12.48,1.89,7.15,1.84,0.23,-0.27,8.52
0,9.34,-0.63,7.13,3.11,-0.27,-0.25,8.72
1,12.54,-1.60,7.13,2.93,-0.02,-0.25,8.72
2,13.69,0.03,7.13,0.96,-0.01,-0.25,8.72
3,9.53,2.79,7.13,2.13,0.24,-0.25,8.72
4,12.67,1.95,7.13,1.91,0.57,-0.25,8.72
0,9.62,-0.62,7.10,2.81,0.17,-0.24,8.90
1,12.79,-1.61,7.10,2.56,-0.15,-0.24,8.90
2,13.78,0.04,7.10,0.91,0.07,-0.24,8.90
3,9.73,2.80,7.10,2.01,0.18,-0.24,8.90
4,12.87,1.98,7.10,2.00,0.27,-0.24,8.90
0,9.88,-0.57,7.08,2.58,0.49,-0.22,9.07
1,13.08,-1.56,7.08,2.93,0.51,-0.22,9.07
2,13.83,0.13,7.08,0.42,0.95,-0.22,9.07
3,9.92,2.82,7.08,1.89,0.13,-0.22,9.07
4,13.06,1.98,7.08,1.96,-0.00,-0.22,9.07
0,10.11,-0.55,7.06,2.33,0.13,-0.21,9.23
1,13.38,-1.45,7.06,3.01,1.13,-0.21,9.23
2,13.90,0.15,7.06,0.73,0.14,-0.21,9.23
3,10.09,2.83,7.06,1.78,0.09,-0.21,9.23
4,13.25,1.97,7.06,1.89,-0.12,-0.21,9.23
0,10.34,-0.51,7.04,2.24,0.45,-0.20,9.39
1,13.64,-1.46,7.04,2.56,-0.14,-0.20,9.39
2,13.97,0.17,7.04,0.70,0.26,-0.20,9.39
3,10.32,2.77,7.04,2.21,-0.60,-0.20,9.39
4,13.38,2.02,7.04,1.26,0.58,-0.20,9.39
0,10.55,-0.50,7.02,2.16,0.11,-0.19,9.53
1,13.82,-1.55,7.02,1.77,-0.87,-0.19,9.53
2,14.02,0.20,7.02,0.53,0.27,-0.19,9.53
3,10.51,2.72,7.02,1.93,-0.41,-0.19,9.53
4,13.51,2.11,7.02,1.35,0.88,-0.19,9.53
0,10.75,-0.46,7.01,2.03,0.38,-0.18,9.66
1,13.93,-1.62,7.01,1.17,-0.70,-0.18,9.66
2,14.07,0.22,7.01,0.43,0.16,-0.18,9.66
3,10.74,2.68,7.01,2.27,-0.44,-0.18,9.66
4,13.66,2.16,7.01,1.46,0.48,-0.18,9.66
0,10.89,-0.47,6.99,1.38,-0.06,-0.17,9.79
1,14.01,-1.67,6.99,0.74,-0.54,-0.17,9.79
2,14.14,0.13,6.99,0.77,-0.87,-0.17,9.79
3,10.98,2.64,6.99,2.48,-0.45,-0.17,9.79
4,13.82,2.18,6.99,1.56,0.20,-0.17,9.79
0,10.98,-0.50,6.97,0.88,-0.35,-0.16,9.91
1,14.10,-1.74,6.97,0.92,-0.64,-0.16,9.91
2,14.22,0.16,6.97,0.82,0.26,-0.16,9.91
3,11.18,2.60,6.97,1.95,-0.36,-0.16,9.91
4,13.98,2.19,6.97,1.65,0.06,-0.16,9.91
0,11.03,-0.56,6.96,0.52,-0.55,-0.15,10.02
1,14.20,-1.80,6.96,1.00,-0.65,-0.15,10.02
2,14.30,0.18,6.96,0.71,0.24,-0.15,10.02
3,11.34,2.57,6.96,1.57,-0.33,-0.15,10.02
4,14.15,2.18,6.96,1.67,-0.11,-0.15,10.02
0,11.10,-0.65,6.94,0.66,-0.94,-0.14,10.13
1,14.30,-1.87,6.94,1.02,-0.62,-0.14,10.13
2,14.30,0.28,6.94,0.06,1.00,-0.14,10.13
3,11.46,2.47,6.94,1.26,-0.92,-0.14,10.13
4,14.31,2.16,6.94,1.65,-0.20,-0.14,10.13
0,11.13,-0.75,6.93,0.35,-0.96,-0.13,10.22
1,14.41,-1.92,6.93,1.04,-0.52,-0.13,10.22
2,14.35,0.28,6.93,0.49,0.02,-0.13,10.22
3,11.57,2.40,6.93,1.10,-0.78,-0.13,10.22
4,14.41,2.05,6.93,1.01,-1.08,-0.13,10.22
0,11.14,-0.84,6.92,0.12,-0.97,-0.12,10.32
1,14.51,-1.97,6.92,1.08,-0.53,-0.12,10.32
2,14.44,0.24,6.92,0.89,-0.44,-0.12,10.32
3,11.62,2.36,6.92,0.50,-0.33,-0.12,10.32
4,14.53,1.98,6.92,1.18,-0.63,-0.12,10.32
0,11.19,-0.96,6.91,0.45,-1.19,-0.11,10.41
1,14.57,-1.92,6.91,0.59,0.53,-0.11,10.41
2,14.43,0.22,6.91,-0.13,-0.23,-0.11,10.41
3,11.68,2.33,6.91,0.59,-0.38,-0.11,10.41
4,14.60,1.96,6.91,0.70,-0.23,-0.11,10.41
0,11.26,-1.08,6.90,0.75,-1.21,-0.11,10.49
1,14.58,-1.88,6.90,0.10,0.38,-0.11,10.49
2,14.51,0.09,6.90,0.80,-1.31,-0.11,10.49
3,11.75,2.26,6.90,0.70,-0.67,-0.11,10.49
4,14.63,1.97,6.90,0.29,0.07,-0.11,10.49
0,11.29,-1.20,6.89,0.26,-1.12,-0.10,10.56
1,14.62,-1.88,6.89,0.38,0.02,-0.10,10.56
2,14.54,0.21,6.89,0.39,1.23,-0.10,10.56
3,11.82,2.19,6.89,0.68,-0.65,-0.10,10.56
4,14.69,1.98,6.89,0.60,0.13,-0.10,10.56
0,11.35,-1.27,6.88,0.56,-0.73,-0.09,10.64
1,14.67,-1.79,6.88,0.47,0.89,-0.09,10.64
2,14.52,0.19,6.88,-0.20,-0.23,-0.09,10.64
3,11.83,2.17,6.88,0.10,-0.21,-0.09,10.64
4,14.78,2.01,6.88,0.90,0.26,-0.09,10.64
0,11.42,-1.35,6.87,0.74,-0.79,-0.09,10.70
1,14.73,-1.75,6.87,0.66,0.42,-0.09,10.70
2,14.56,0.31,6.87,0.40,1.22,-0.09,10.70
3,11.91,2.14,6.87,0.84,-0.34,-0.09,10.70
4,14.88,2.03,6.87,1.03,0.27,-0.09,10.70
0,11.56,-1.35,6.86,1.40,-0.04,-0.08,10.77
1,14.75,-1.72,6.86,0.18,0.31,-0.08,10.77
2,14.59,0.16,6.86,0.21,-1.51,-0.08,10.77
3,11.93,2.07,6.86,0.18,-0.69,-0.08,10.77
4,15.00,2.07,6.86,1.15,0.33,-0.08,10.77
0,11.63,-1.37,6.85,0.73,-0.22,-0.08,10.83
1,14.80,-1.72,6.85,0.48,-0.03,-0.08,10.83
2,14.65,0.15,6.85,0.64,-0.03,-0.08,10.83
3,11.95,1.95,6.85,0.22,-1.19,-0.08,10.83
4,15.12,2.10,6.85,1.26,0.36,-0.08,10.83
0,11.66,-1.35,6.85,0.32,0.19,-0.07,10.89
1,14.86,-1.75,6.85,0.59,-0.30,-0.07,10.89
2,14.67,0.13,6.85,0.16,-0.23,-0.07,10.89
3,11.99,1.85,6.85,0.35,-1.01,-0.07,10.89
4,15.24,2.13,6.85,1.21,0.30,-0.07,10.89
0,11.67,-1.31,6.84,0.03,0.49,-0.07,10.94
1,14.93,-1.79,6.84,0.67,-0.40,-0.07,10.94
2,14.73,0.14,6.84,0.61,0.06,-0.07,10.94
3,11.99,1.80,6.84,-0.01,-0.54,-0.07,10.94
4,15.36,2.16,6.84,1.15,0.24,-0.07,10.94
0,11.70,-1.30,6.83,0.34,0.03,-0.07,10.99
1,15.00,-1.83,6.83,0.69,-0.44,-0.07,10.99
2,14.74,0.17,6.83,0.11,0.37,-0.07,10.99
3,11.97,1.78,6.83,-0.23,-0.20,-0.07,10.99
4,15.44,2.09,6.83,0.79,-0.68,-0.07,10.99
0,11.70,-1.33,6.83,0.02,-0.23,-0.06,11.04
1,15.01,-1.87,6.83,0.15,-0.36,-0.06,11.04
2,14.80,0.08,6.83,0.64,-0.98,-0.06,11.04
3,11.92,1.79,6.83,-0.45,0.12,-0.06,11.04
4,15.44,1.95,6.83,-0.01,-1.38,-0.06,11.04
0,11.74,-1.37,6.82,0.33,-0.48,-0.06,11.08
1,14.99,-1.90,6.82,-0.26,-0.35,-0.06,11.08
2,14.86,-0.03,6.82,0.61,-1.03,-0.06,11.08
3,11.93,1.82,6.82,0.09,0.28,-0.06,11.08
4,15.40,1.86,6.82,-0.38,-0.87,-0.06,11.08
0,11.73,-1.43,6.81,-0.02,-0.51,-0.05,11.12
1,14.98,-1.95,6.81,-0.01,-0.47,-0.05,11.12
2,14.93,-0.13,6.81,0.64,-1.06,-0.05,11.12
3,11.91,1.80,6.81,-0.18,-0.21,-0.05,11.12
4,15.39,1.81,6.81,-0.08,-0.48,-0.05,11.12
0,11.71,-1.42,6.81,-0.22,0.06,-0.05,11.16
1,14.94,-2.00,6.81,-0.43,-0.50,-0.05,11.16
2,14.94,-0.10,6.81,0.12,0.36,-0.05,11.16
3,11.93,1.77,6.81,0.20,-0.30,-0.05,11.16
4,15.38,1.69,6.81,-0.16,-1.20,-0.05,11.16
0,11.66,-1.44,6.81,-0.48,-0.18,-0.05,11.20
1,14.93,-2.07,6.81,-0.11,-0.65,-0.05,11.20
2,14.96,-0.08,6.81,0.19,0.17,-0.05,11.20
3,12.02,1.68,6.81,0.87,-0.87,-0.05,11.20
4,15.39,1.64,6.81,0.11,-0.57,-0.05,11.20
0,11.67,-1.39,6.80,0.03,0.52,-0.05,11.23
1,14.94,-2.13,6.80,0.05,-0.62,-0.05,11.23
2,14.97,-0.22,6.80,0.09,-1.43,-0.05,11.23
3,12.06,1.64,6.80,0.41,-0.41,-0.05,11.23
4,15.39,1.52,6.80,-0.02,-1.16,-0.05,11.23
0,11.69,-1.38,6.80,0.22,0.03,-0.04,11.26
1,14.95,-2.19,6.80,0.15,-0.65,-0.04,11.26
2,15.03,-0.24,6.80,0.66,-0.17,-0.04,11.26
3,12.07,1.63,6.80,0.11,-0.04,-0.04,11.26
4,15.40,1.47,6.80,0.13,-0.53,-0.04,11.26
0,11.73,-1.32,6.79,0.46,0.65,-0.04,11.29
1,14.97,-2.16,6.79,0.23,0.37,-0.04,11.29
2,15.00,-0.25,6.79,-0.37,-0.10,-0.04,11.29
3,12.17,1.62,6.79,0.96,-0.12,-0.04,11.29
4,15.42,1.46,6.79,0.20,-0.05,-0.04,11.29
0,11.79,-1.31,6.79,0.51,0.11,-0.04,11.32
1,14.95,-2.14,6.79,-0.24,0.17,-0.04,11.32
2,15.06,-0.27,6.79,0.68,-0.17,-0.04,11.32
3,12.26,1.58,6.79,0.97,-0.45,-0.04,11.32
4,15.46,1.50,6.79,0.39,0.34,-0.04,11.32
0,11.85,-1.33,6.79,0.61,-0.21,-0.04,11.35
1,14.95,-2.05,6.79,-0.01,0.94,-0.04,11.35
2,15.14,-0.28,6.79,0.77,-0.15,-0.04,11.35
3,12.31,1.57,6.79,0.46,-0.03,-0.04,11.35
4,15.50,1.55,6.79,0.41,0.54,-0.04,11.35
0,11.86,-1.35,6.78,0.10,-0.27,-0.03,11.38
1,14.95,-2.01,6.78,0.05,0.34,-0.03,11.38
2,15.22,-0.40,6.78,0.74,-1.18,-0.03,11.38
3,12.32,1.60,6.78,0.10,0.25,-0.03,11.38
4,15.54,1.63,6.78,0.41,0.74,-0.03,11.38
0,11.82,-1.39,6.78,-0.35,-0.36,-0.03,11.40
1,14.97,-1.90,6.78,0.20,1.08,-0.03,11.40
2,15.28,-0.26,6.78,0.61,1.42,-0.03,11.40
3,12.35,1.61,6.78,0.31,0.15,-0.03,11.40
4,15.58,1.70,6.78,0.42,0.77,-0.03,11.40
0,11.83,-1.35,6.78,0.10,0.43,-0.03,11.42
1,14.99,-1.87,6.78,0.12,0.34,-0.03,11.42
2,15.32,-0.27,6.78,0.40,-0.08,-0.03,11.42
3,12.39,1.62,6.78,0.43,0.03,-0.03,11.42
4,15.57,1.79,6.78,-0.14,0.84,-0.03,11.42
0,11.86,-1.31,6.77,0.30,0.35,-0.03,11.44
1,14.98,-1.88,6.77,-0.03,-0.13,-0.03,11.44
2,15.32,-0.24,6.77,0.03,0.26,-0.03,11.44
3,12.39,1.64,6.77,0.02,0.28,-0.03,11.44
4,15.56,1.86,6.77,-0.05,0.77,-0.03,11.44
0,11.91,-1.28,6.77,0.44,0.30,-0.03,11.46
1,14.97,-1.93,6.77,-0.12,-0.43,-0.03,11.46
2,15.36,-0.24,6.77,0.46,-0.03,-0.03,11.46
3,12.37,1.68,6.77,-0.22,0.36,-0.03,11.46
4,15.56,1.93,6.77,0.01,0.68,-0.03,11.46
0,11.96,-1.26,6.77,0.54,0.27,-0.02,11.48
1,14.95,-1.99,6.77,-0.19,-0.60,-0.02,11.48
2,15.36,-0.22,6.77,0.00,0.28,-0.02,11.48
3,12.38,1.69,6.77,0.11,0.08,-0.02,11.48
4,15.57,1.99,6.77,0.02,0.58,-0.02,11.48
0,12.01,-1.24,6.77,0.53,0.18,-0.02,11.50
1,14.96,-1.95,6.77,0.04,0.40,-0.02,11.50
2,15.37,-0.11,6.77,0.08,1.10,-0.02,11.50
3,12.42,1.68,6.77,0.33,-0.13,-0.02,11.50
4,15.57,2.05,6.77,0.07,0.59,-0.02,11.50
0,12.12,-1.24,6.76,1.12,-0.02,-0.02,11.51
1,14.96,-1.94,6.76,-0.01,0.06,-0.02,11.51
2,15.42,-0.12,6.76,0.50,-0.15,-0.02,11.51
3,12.41,1.62,6.76,-0.13,-0.59,-0.02,11.51
4,15.58,2.10,6.76,0.10,0.53,-0.02,11.51
0,12.17,-1.19,6.76,0.41,0.45,-0.02,11.53
1,14.95,-1.96,6.76,-0.04,-0.20,-0.02,11.53
2,15.53,-0.12,6.76,1.12,0.07,-0.02,11.53
3,12.36,1.52,6.76,-0.43,-0.93,-0.02,11.53
4,15.60,2.16,6.76,0.12,0.56,-0.02,11.53
0,12.28,-1.17,6.76,1.13,0.19,-0.02,11.54
1,14.94,-2.01,6.76,-0.14,-0.45,-0.02,11.54
2,15.51,-0.20,6.76,-0.20,-0.85,-0.02,11.54
3,12.36,1.45,6.76,-0.01,-0.75,-0.02,11.54
4,15.61,2.22,6.76,0.14,0.66,-0.02,11.54
0,12.37,-1.08,6.76,0.95,0.91,-0.02,11.56
1,14.92,-2.06,6.76,-0.14,-0.56,-0.02,11.56
2,15.59,-0.16,6.76,0.71,0.40,-0.02,11.56
3,12.38,1.39,6.76,0.21,-0.57,-0.02,11.56
4,15.62,2.27,6.76,0.08,0.49,-0.02,11.56
0,12.46,-1.07,6.76,0.89,0.19,-0.02,11.57
1,14.94,-2.03,6.76,0.18,0.34,-0.02,11.57
2,15.63,-0.22,6.76,0.43,-0.60,-0.02,11.57
3,12.42,1.35,6.76,0.43,-0.42,-0.02,11.57
4,15.57,2.30,6.76,-0.51,0.26,-0.02,11.57
0,12.48,-0.99,6.75,0.14,0.75,-0.02,11.58
1,14.95,-2.03,6.75,0.05,-0.03,-0.02,11.58
2,15.72,-0.18,6.75,0.91,0.36,-0.02,11.58
3,12.48,1.32,6.75,0.56,-0.30,-0.02,11.58
4,15.53,2.33,6.75,-0.38,0.31,-0.02,11.58
0,12.45,-0.95,6.75,-0.29,0.36,-0.01,11.59
1,14.91,-1.94,6.75,-0.37,0.94,-0.01,11.59
2,15.81,-0.15,6.75,0.87,0.33,-0.01,11.59
3,12.60,1.32,6.75,1.19,-0.03,-0.01,11.59
4,15.44,2.34,6.75,-0.87,0.09,-0.01,11.59
0,12.38,-0.95,6.75,-0.63,0.07,-0.01,11.61
1,14.87,-1.89,6.75,-0.42,0.46,-0.01,11.61
2,15.89,-0.04,6.75,0.86,1.07,-0.01,11.61
3,12.70,1.31,6.75,1.05,-0.05,-0.01,11.61
4,15.38,2.35,6.75,-0.65,0.13,-0.01,11.61
0,12.34,-0.96,6.75,-0.40,-0.09,-0.01,11.62
1,14.75,-1.85,6.75,-1.13,0.46,-0.01,11.62
2,16.00,-0.06,6.75,1.07,-0.15,-0.01,11.62
3,12.74,1.32,6.75,0.39,0.11,-0.01,11.62
4,15.33,2.38,6.75,-0.45,0.26,-0.01,11.62
0,12.32,-0.97,6.75,-0.23,-0.10,-0.01,11.62
1,14.71,-1.75,6.75,-0.43,0.97,-0.01,11.62
2,16.02,-0.13,6.75,0.19,-0.73,-0.01,11.62
3,12.85,1.35,6.75,1.05,0.23,-0.01,11.62
4,15.29,2.40,6.75,-0.39,0.24,-0.01,11.62
0,12.38,-1.00,6.75,0.57,-0.34,-0.01,11.63
1,14.59,-1.66,6.75,-1.23,0.91,-0.01,11.63
2,16.14,-0.15,6.75,1.24,-0.16,-0.01,11.63
3,12.89,1.37,6.75,0.38,0.19,-0.01,11.63
4,15.28,2.35,6.75,-0.10,-0.47,-0.01,11.63
0,12.41,-1.02,6.75,0.30,-0.23,-0.01,11.64
1,14.58,-1.57,6.75,-0.05,0.84,-0.01,11.64
2,16.22,-0.15,6.75,0.76,-0.06,-0.01,11.64
3,12.90,1.41,6.75,0.11,0.40,-0.01,11.64
4,15.28,2.33,6.75,-0.07,-0.21,-0.01,11.64
0,12.43,-0.96,6.75,0.25,0.63,-0.01,11.65
1,14.66,-1.50,6.75,0.79,0.73,-0.01,11.65
2,16.22,-0.22,6.75,0.06,-0.66,-0.01,11.65
3,12.89,1.46,6.75,-0.11,0.54,-0.01,11.65
4,15.27,2.32,6.75,-0.08,-0.12,-0.01,11.65
0,12.44,-0.92,6.75,0.04,0.35,-0.01,11.66
1,14.72,-1.49,6.75,0.58,0.11,-0.01,11.66
2,16.23,-0.28,6.75,0.05,-0.62,-0.01,11.66
3,12.86,1.52,6.75,-0.30,0.64,-0.01,11.66
4,15.26,2.32,6.75,-0.06,-0.07,-0.01,11.66
0,12.51,-0.92,6.74,0.70,0.00,-0.01,11.66
1,14.72,-1.47,6.74,0.02,0.16,-0.01,11.66
2,16.29,-0.21,6.74,0.61,0.69,-0.01,11.66
3,12.84,1.54,6.74,-0.15,0.19,-0.01,11.66
4,15.27,2.32,6.74,0.04,0.08,-0.01,11.66
0,12.62,-0.96,6.74,1.14,-0.32,-0.01,11.67
1,14.69,-1.47,6.74,-0.28,0.06,-0.01,11.67
2,16.39,-0.21,6.74,1.00,-0.02,-0.01,11.67
3,12.84,1.53,6.74,-0.06,-0.11,-0.01,11.67
4,15.27,2.33,6.74,0.04,0.09,-0.01,11.67
0,12.69,-0.97,6.74,0.68,-0.19,-0.01,11.68
1,14.72,-1.40,6.74,0.31,0.66,-0.01,11.68
2,16.48,-0.22,6.74,0.90,-0.02,-0.01,11.68
3,12.83,1.50,6.74,-0.02,-0.33,-0.01,11.68
4,15.23,2.26,6.74,-0.39,-0.69,-0.01,11.68
0,12.72,-0.99,6.74,0.34,-0.12,-0.01,11.68
1,14.66,-1.37,6.74,-0.64,0.34,-0.01,11.68
2,16.57,-0.22,6.74,0.86,-0.06,-0.01,11.68
3,12.80,1.50,6.74,-0.35,0.05,-0.01,11.68
4,15.21,2.22,6.74,-0.25,-0.42,-0.01,11.68
0,12.72,-1.00,6.74,-0.01,-0.13,-0.01,11.69
1,14.71,-1.33,6.74,0.45,0.37,-0.01,11.69
2,16.65,-0.23,6.74,0.85,-0.11,-0.01,11.69
3,12.74,1.54,6.74,-0.62,0.33,-0.01,11.69
4,15.18,2.18,6.74,-0.24,-0.39,-0.01,11.69
0,12.79,-0.95,6.74,0.73,0.51,-0.01,11.69
1,14.65,-1.31,6.74,-0.53,0.23,-0.01,11.69
2,16.74,-0.24,6.74,0.87,-0.10,-0.01,11.69
3,12.66,1.51,6.74,-0.82,-0.24,-0.01,11.69
4,15.16,2.14,6.74,-0.24,-0.41,-0.01,11.69
0,12.83,-0.91,6.74,0.32,0.37,-0.01,11.70
1,14.63,-1.37,6.74,-0.21,-0.60,-0.01,11.70
2,16.79,-0.20,6.74,0.51,0.42,-0.01,11.70
3,12.55,1.54,6.74,-1.08,0.23,-0.01,11.70
4,15.06,2.08,6.74,-0.98,-0.57,-0.01,11.70
0,12.83,-0.88,6.74,0.06,0.33,-0.01,11.70
1,14.60,-1.44,6.74,-0.27,-0.74,-0.01,11.70
2,16.83,-0.16,6.74,0.45,0.41,-0.01,11.70
3,12.47,1.46,6.74,-0.76,-0.74,-0.01,11.70
4,14.99,2.08,6.74,-0.71,-0.03,-0.01,11.70
0,12.83,-0.85,6.74,-0.05,0.32,-0.01,11.71
1,14.65,-1.43,6.74,0.46,0.09,-0.01,11.71
2,16.85,-0.21,6.74,0.16,-0.48,-0.01,11.71
3,12.48,1.42,6.74,0.13,-0.41,-0.01,11.71
4,14.85,2.03,6.74,-1.33,-0.45,-0.01,11.71
0,12.80,-0.73,6.74,-0.30,1.11,-0.01,11.71
1,14.68,-1.47,6.74,0.27,-0.38,-0.01,11.71
2,16.93,-0.22,6.74,0.82,-0.06,-0.01,11.71
3,12.48,1.39,6.74,-0.02,-0.32,-0.01,11.71
4,14.77,2.04,6.74,-0.89,0.02,-0.01,11.71
0,12.83,-0.65,6.74,0.31,0.82,-0.00,11.71
1,14.68,-1.47,6.74,0.05,-0.06,-0.00,11.71
2,17.01,-0.22,6.74,0.79,-0.02,-0.00,11.71
3,12.46,1.38,6.74,-0.20,-0.15,-0.00,11.71
4,14.71,2.01,6.74,-0.53,-0.23,-0.00,11.71
0,12.91,-0.69,6.74,0.80,-0.41,-0.00,11.72
1,14.73,-1.48,6.74,0.52,-0.11,-0.00,11.72
2,16.99,-0.21,6.74,-0.23,0.04,-0.00,11.72
3,12.45,1.28,6.74,-0.14,-1.01,-0.00,11.72
4,14.69,2.03,6.74,-0.25,0.17,-0.00,11.72
0,12.95,-0.78,6.74,0.38,-0.87,-0.00,11.72
1,14.76,-1.48,6.74,0.23,0.05,-0.00,11.72
2,17.01,-0.25,6.74,0.27,-0.38,-0.00,11.72
3,12.50,1.23,6.74,0.54,-0.40,-0.00,11.72
4,14.75,2.02,6.74,0.66,-0.05,-0.00,11.72
0,12.98,-0.85,6.74,0.32,-0.67,-0.00,11.72
1,14.76,-1.46,6.74,0.07,0.19,-0.00,11.72
2,17.10,-0.25,6.74,0.82,-0.03,-0.00,11.72
3,12.61,1.24,6.74,1.02,0.01,-0.00,11.72
4,14.84,2.05,6.74,0.86,0.20,-0.00,11.72
0,12.95,-0.85,6.74,-0.29,-0.01,-0.00,11.73
1,14.80,-1.47,6.74,0.38,-0.13,-0.00,11.73
2,17.18,-0.26,6.74,0.81,-0.04,-0.00,11.73
3,12.63,1.28,6.74,0.23,0.46,-0.00,11.73
4,14.94,2.08,6.74,0.97,0.39,-0.00,11.73
0,12.92,-0.85,6.74,-0.31,0.02,-0.00,11.73
1,14.82,-1.47,6.74,0.16,0.07,-0.00,11.73
2,17.22,-0.22,6.74,0.39,0.36,-0.00,11.73
3,12.71,1.34,6.74,0.83,0.55,-0.00,11.73
4,15.00,2.09,6.74,0.67,0.10,-0.00,11.73
0,12.90,-0.84,6.74,-0.22,0.04,-0.00,11.73
1,14.72,-1.41,6.74,-0.95,0.54,-0.00,11.73
2,17.26,-0.19,6.74,0.49,0.32,-0.00,11.73
3,12.76,1.37,6.74,0.50,0.32,-0.00,11.73
4,15.01,2.01,6.74,0.05,-0.85,-0.00,11.73
0,12.87,-0.84,6.73,-0.26,0.04,-0.00,11.73
1,14.69,-1.46,6.73,-0.36,-0.44,-0.00,11.73
2,17.35,-0.20,6.73,0.86,-0.13,-0.00,11.73
3,12.83,1.46,6.73,0.68,0.89,-0.00,11.73
4,15.01,1.98,6.73,0.05,-0.25,-0.00,11.73
0,12.84,-0.83,6.73,-0.35,0.04,-0.00,11.74
1,14.69,-1.57,6.73,0.06,-1.10,-0.00,11.74
2,17.43,-0.21,6.73,0.84,-0.08,-0.00,11.74
3,12.86,1.51,6.73,0.28,0.57,-0.00,11.74
4,15.02,2.00,6.73,0.09,0.12,-0.00,11.74
0,12.80,-0.83,6.73,-0.36,0.06,-0.00,11.74
1,14.70,-1.61,6.73,0.07,-0.46,-0.00,11.74
2,17.50,-0.22,6.73,0.67,-0.08,-0.00,11.74
3,12.86,1.45,6.73,0.01,-0.60,-0.00,11.74
4,15.07,1.93,6.73,0.49,-0.64,-0.00,11.74
0,12.86,-0.86,6.73,0.62,-0.28,-0.00,11.74
1,14.62,-1.58,6.73,-0.83,0.33,-0.00,11.74
2,17.58,-0.23,6.73,0.79,-0.09,-0.00,11.74
3,12.85,1.40,6.73,-0.11,-0.53,-0.00,11.74
4,15.10,1.85,6.73,0.31,-0.79,-0.00,11.74
0,12.89,-0.87,6.73,0.31,-0.09,-0.00,11.74
1,14.57,-1.59,6.73,-0.47,-0.14,-0.00,11.74
2,17.66,-0.24,6.73,0.78,-0.14,-0.00,11.74
3,12.82,1.28,6.73,-0.24,-1.26,-0.00,11.74
4,15.16,1.78,6.73,0.63,-0.68,-0.00,11.74
0,12.86,-0.81,6.73,-0.32,0.51,-0.00,11.74
1,14.45,-1.60,6.73,-1.19,-0.04,-0.00,11.74
2,17.72,-0.26,6.73,0.64,-0.14,-0.00,11.74
3,12.80,1.19,6.73,-0.26,-0.81,-0.00,11.74
4,15.28,1.77,6.73,1.20,-0.13,-0.00,11.74
0,12.93,-0.82,6.73,0.70,-0.08,-0.00,11.75
1,14.48,-1.66,6.73,0.24,-0.68,-0.00,11.75
2,17.74,-0.29,6.73,0.19,-0.38,-0.00,11.75
3,12.75,1.21,6.73,-0.50,0.12,-0.00,11.75
4,15.40,1.75,6.73,1.13,-0.18,-0.00,11.75
0,13.08,-0.87,6.73,1.46,-0.45,-0.00,11.75
1,14.60,-1.73,6.73,1.23,-0.67,-0.00,11.75
2,17.75,-0.33,6.73,0.08,-0.40,-0.00,11.75
3,12.68,1.28,6.73,-0.63,0.75,-0.00,11.75
4,15.42,1.66,6.73,0.27,-0.89,-0.00,11.75
0,13.13,-0.91,6.73,0.57,-0.44,-0.00,11.75
1,14.60,-1.76,6.73,-0.04,-0.32,-0.00,11.75
2,17.74,-0.33,6.73,-0.15,0.05,-0.00,11.75
3,12.71,1.35,6.73,0.23,0.70,-0.00,11.75
4,15.38,1.61,6.73,-0.43,-0.52,-0.00,11.75
0,13.10,-0.86,6.73,-0.28,0.50,-0.00,11.75
1,14.50,-1.77,6.73,-0.92,-0.07,-0.00,11.75
2,17.77,-0.37,6.73,0.33,-0.41,-0.00,11.75
3,12.71,1.41,6.73,0.03,0.60,-0.00,11.75
4,15.37,1.65,6.73,-0.11,0.36,-0.00,11.75
0,13.06,-0.78,6.73,-0.47,0.78,-0.00,11.75
1,14.52,-1.74,6.73,0.19,0.24,-0.00,11.75
2,17.78,-0.40,6.73,0.16,-0.33,-0.00,11.75
3,12.70,1.46,6.73,-0.09,0.46,-0.00,11.75
4,15.41,1.65,6.73,0.42,-0.01,-0.00,11.75
0,12.98,-0.74,6.73,-0.74,0.48,-0.00,11.75
1,14.62,-1.69,6.73,0.93,0.55,-0.00,11.75
2,17.79,-0.44,6.73,0.06,-0.35,-0.00,11.75
3,12.67,1.50,6.73,-0.28,0.43,-0.00,11.75
4,15.45,1.66,6.73,0.36,0.11,-0.00,11.75
0,12.90,-0.72,6.73,-0.86,0.15,-0.00,11.75
1,14.73,-1.67,6.73,1.10,0.24,-0.00,11.75
2,17.87,-0.45,6.73,0.76,-0.13,-0.00,11.75
3,12.72,1.54,6.73,0.44,0.42,-0.00,11.75
4,15.48,1.68,6.73,0.33,0.24,-0.00,11.75
0,12.85,-0.70,6.73,-0.46,0.21,-0.00,11.76
1,14.79,-1.68,6.73,0.64,-0.12,-0.00,11.76
2,17.94,-0.46,6.73,0.77,-0.12,-0.00,11.76
3,12.75,1.58,6.73,0.30,0.35,-0.00,11.76
4,15.40,1.67,6.73,-0.81,-0.15,-0.00,11.76
0,12.79,-0.72,6.73,-0.61,-0.21,-0.00,11.76
1,14.82,-1.71,6.73,0.27,-0.36,-0.00,11.76
2,17.91,-0.46,6.73,-0.28,0.06,-0.00,11.76
3,12.77,1.52,6.73,0.21,-0.58,-0.00,11.76
4,15.36,1.66,6.73,-0.42,-0.03,-0.00,11.76
0,12.76,-0.74,6.73,-0.27,-0.17,-0.00,11.76
1,14.82,-1.77,6.73,-0.02,-0.53,-0.00,11.76
2,17.97,-0.47,6.73,0.60,-0.11,-0.00,11.76
3,12.76,1.49,6.73,-0.06,-0.25,-0.00,11.76
4,15.31,1.68,6.73,-0.46,0.16,-0.00,11.76
0,12.76,-0.75,6.73,-0.03,-0.13,-0.00,11.76
1,14.80,-1.83,6.73,-0.20,-0.62,-0.00,11.76
2,17.98,-0.50,6.73,0.10,-0.29,-0.00,11.76
3,12.83,1.49,6.73,0.69,-0.08,-0.00,11.76
4,15.27,1.71,6.73,-0.47,0.27,-0.00,11.76
0,12.76,-0.76,6.73,-0.01,-0.08,-0.00,11.76
1,14.77,-1.84,6.73,-0.21,-0.09,-0.00,11.76
2,18.04,-0.51,6.73,0.55,-0.08,-0.00,11.76
3,12.87,1.48,6.73,0.43,-0.05,-0.00,11.76
4,15.25,1.65,6.73,-0.11,-0.58,-0.00,11.76
0,12.77,-0.77,6.73,0.06,-0.08,-0.00,11.76
1,14.81,-1.79,6.73,0.35,0.50,-0.00,11.76
2,18.00,-0.50,6.73,-0.38,0.02,-0.00,11.76
3,12.90,1.48,6.73,0.23,-0.03,-0.00,11.76
4,15.24,1.56,6.73,-0.15,-0.86,-0.00,11.76
0,12.85,-0.81,6.73,0.87,-0.48,-0.00,11.76
1,14.74,-1.74,6.73,-0.68,0.46,-0.00,11.76
2,18.02,-0.48,6.73,0.19,0.25,-0.00,11.76
3,12.90,1.39,6.73,0.03,-0.86,-0.00,11.76
4,15.26,1.50,6.73,0.20,-0.58,-0.00,11.76
0,12.87,-0.89,6.73,0.17,-0.71,-0.00,11.76
1,14.65,-1.68,6.73,-0.95,0.62,-0.00,11.76
2,18.02,-0.51,6.73,0.03,-0.31,-0.00,11.76
3,12.89,1.34,6.73,-0.07,-0.54,-0.00,11.76
4,15.30,1.47,6.73,0.42,-0.36,-0.00,11.76
0,12.87,-0.84,6.73,-0.01,0.45,-0.00,11.76
1,14.67,-1.70,6.73,0.23,-0.20,-0.00,11.76
2,18.04,-0.54,6.73,0.16,-0.35,-0.00,11.76
3,12.85,1.36,6.73,-0.42,0.21,-0.00,11.76
4,15.36,1.51,6.73,0.61,0.40,-0.00,11.76
0,12.82,-0.75,6.73,-0.46,0.90,-0.00,11.76
1,14.74,-1.67,6.73,0.71,0.31,-0.00,11.76
2,18.04,-0.57,6.73,0.02,-0.29,-0.00,11.76
3,12.81,1.30,6.73,-0.37,-0.59,-0.00,11.76
4,15.36,1.60,6.73,-0.04,0.89,-0.00,11.76
0,12.78,-0.70,6.73,-0.44,0.54,-0.00,11.76
1,14.69,-1.63,6.73,-0.46,0.36,-0.00,11.76
2,18.10,-0.58,6.73,0.56,-0.09,-0.00,11.76
3,12.78,1.28,6.73,-0.29,-0.19,-0.00,11.76
4,15.39,1.73,6.73,0.27,1.28,-0.00,11.76
0,12.74,-0.67,6.73,-0.42,0.22,-0.00,11.76
1,14.65,-1.62,6.73,-0.38,0.12,-0.00,11.76
2,18.05,-0.57,6.73,-0.49,0.11,-0.00,11.76
3,12.74,1.34,6.73,-0.47,0.55,-0.00,11.76
4,15.43,1.75,6.73,0.40,0.25,-0.00,11.76
0,12.80,-0.62,6.73,0.60,0.56,-0.00,11.76
1,14.59,-1.57,6.73,-0.65,0.47,-0.00,11.76
2,18.01,-0.56,6.73,-0.38,0.12,-0.00,11.76
3,12.70,1.40,6.73,-0.40,0.59,-0.00,11.76
4,15.49,1.76,6.73,0.62,0.07,-0.00,11.76
0,12.86,-0.59,6.73,0.55,0.32,-0.00,11.76
1,14.60,-1.55,6.73,0.06,0.26,-0.00,11.76
2,18.02,-0.59,6.73,0.11,-0.31,-0.00,11.76
3,12.66,1.47,6.73,-0.40,0.71,-0.00,11.76
4,15.45,1.78,6.73,-0.41,0.22,-0.00,11.76
0,12.91,-0.57,6.73,0.54,0.20,-0.00,11.76
1,14.64,-1.55,6.73,0.49,0.00,-0.00,11.76
2,17.98,-0.58,6.73,-0.39,0.06,-0.00,11.76
3,12.63,1.53,6.73,-0.26,0.64,-0.00,11.76
4,15.40,1.82,6.73,-0.43,0.38,-0.00,11.76
0,12.92,-0.59,6.73,0.13,-0.26,-0.00,11.77
1,14.67,-1.58,6.73,0.30,-0.35,-0.00,11.77
2,18.01,-0.56,6.73,0.24,0.27,-0.00,11.77
3,12.61,1.59,6.73,-0.21,0.55,-0.00,11.77
4,15.41,1.83,6.73,0.05,0.11,-0.00,11.77
0,13.00,-0.69,6.73,0.73,-1.02,-0.00,11.77
1,14.73,-1.62,6.73,0.59,-0.37,-0.00,11.77
2,18.05,-0.54,6.73,0.39,0.21,-0.00,11.77
3,12.59,1.63,6.73,-0.17,0.44,-0.00,11.77
4,15.48,1.86,6.73,0.75,0.27,-0.00,11.77
0,13.06,-0.75,6.73,0.66,-0.51,-0.00,11.77
1,14.70,-1.58,6.73,-0.37,0.43,-0.00,11.77
2,18.02,-0.52,6.73,-0.23,0.12,-0.00,11.77
3,12.58,1.67,6.73,-0.17,0.36,-0.00,11.77
4,15.54,1.80,6.73,0.58,-0.58,-0.00,11.77
0,13.10,-0.82,6.73,0.38,-0.70,-0.00,11.77
1,14.58,-1.47,6.73,-1.13,1.02,-0.00,11.77
2,18.09,-0.54,6.73,0.68,-0.14,-0.00,11.77
3,12.62,1.69,6.73,0.47,0.25,-0.00,11.77
4,15.59,1.69,6.73,0.49,-1.05,-0.00,11.77
0,12.99,-0.76,6.73,-1.08,0.58,-0.00,11.77
1,14.58,-1.42,6.73,-0.06,0.54,-0.00,11.77
2,18.09,-0.57,6.73,-0.02,-0.32,-0.00,11.77
3,12.71,1.64,6.73,0.90,-0.49,-0.00,11.77
4,15.61,1.64,6.73,0.16,-0.47,-0.00,11.77
0,12.91,-0.79,6.73,-0.82,-0.33,-0.00,11.77
1,14.64,-1.40,6.73,0.61,0.24,-0.00,11.77
2,18.10,-0.60,6.73,0.14,-0.33,-0.00,11.77
3,12.77,1.61,6.73,0.56,-0.29,-0.00,11.77
4,15.60,1.63,6.73,-0.10,-0.10,-0.00,11.77
0,12.94,-0.87,6.73,0.28,-0.74,-0.00,11.77
1,14.73,-1.39,6.73,0.89,0.08,-0.00,11.77
2,18.08,-0.60,6.73,-0.25,-0.01,-0.00,11.77
3,12.80,1.60,6.73,0.34,-0.15,-0.00,11.77
4,15.61,1.62,6.73,0.12,-0.19,-0.00,11.77
0,12.86,-0.91,6.73,-0.74,-0.40,-0.00,11.77
1,14.70,-1.32,6.73,-0.24,0.70,-0.00,11.77
2,18.14,-0.62,6.73,0.59,-0.20,-0.00,11.77
3,12.82,1.59,6.73,0.18,-0.07,-0.00,11.77
4,15.60,1.64,6.73,-0.05,0.19,-0.00,11.77
0,12.86,-0.91,6.73,0.00,0.00,-0.00,11.77
1,14.66,-1.29,6.73,-0.46,0.24,-0.00,11.77
2,18.16,-0.66,6.73,0.26,-0.35,-0.00,11.77
3,12.79,1.64,6.73,-0.36,0.47,-0.00,11.77
4,15.59,1.68,6.73,-0.16,0.47,-0.00,11.77
0,12.77,-0.95,6.73,-0.97,-0.43,-0.00,11.77
1,14.70,-1.32,6.73,0.44,-0.30,-0.00,11.77
2,18.18,-0.69,6.73,0.20,-0.28,-0.00,11.77
3,12.76,1.67,6.73,-0.30,0.33,-0.00,11.77
4,15.57,1.75,6.73,-0.22,0.64,-0.00,11.77
0,12.79,-0.94,6.73,0.23,0.08,-0.00,11.77
1,14.80,-1.28,6.73,0.96,0.42,-0.00,11.77
2,18.14,-0.68,6.73,-0.41,0.04,-0.00,11.77
3,12.81,1.61,6.73,0.50,-0.58,-0.00,11.77
4,15.58,1.78,6.73,0.18,0.32,-0.00,11.77
0,12.71,-1.00,6.73,-0.78,-0.57,-0.00,11.77
1,14.85,-1.26,6.73,0.54,0.19,-0.00,11.77
2,18.16,-0.66,6.73,0.13,0.21,-0.00,11.77
3,12.91,1.57,6.73,1.07,-0.47,-0.00,11.77
4,15.56,1.78,6.73,-0.28,0.03,-0.00,11.77
0,12.64,-1.05,6.73,-0.70,-0.54,-0.00,11.77
1,14.90,-1.30,6.73,0.47,-0.41,-0.00,11.77
2,18.17,-0.64,6.73,0.13,0.21,-0.00,11.77
3,12.95,1.57,6.73,0.40,0.04,-0.00,11.77
4,15.57,1.77,6.73,0.12,-0.13,-0.00,11.77
0,12.57,-1.11,6.73,-0.68,-0.53,-0.00,11.77
1,14.95,-1.33,6.73,0.48,-0.23,-0.00,11.77
2,18.18,-0.62,6.73,0.13,0.21,-0.00,11.77
3,12.97,1.49,6.73,0.18,-0.80,-0.00,11.77
4,15.60,1.75,6.73,0.30,-0.18,-0.00,11.77
0,12.51,-1.16,6.73,-0.65,-0.56,-0.00,11.77
1,15.03,-1.39,6.73,0.84,-0.58,-0.00,11.77
2,18.22,-0.61,6.73,0.35,0.11,-0.00,11.77
3,13.05,1.36,6.73,0.77,-1.35,-0.00,11.77
4,15.57,1.72,6.73,-0.24,-0.32,-0.00,11.77
0,12.44,-1.23,6.73,-0.71,-0.66,-0.00,11.77
1,15.10,-1.42,6.73,0.64,-0.39,-0.00,11.77
2,18.24,-0.59,6.73,0.23,0.14,-0.00,11.77
3,13.14,1.31,6.73,0.89,-0.51,-0.00,11.77
4,15.58,1.63,6.73,0.09,-0.84,-0.00,11.77
0,12.37,-1.29,6.73,-0.62,-0.57,-0.00,11.77
1,15.14,-1.45,6.73,0.45,-0.25,-0.00,11.77
2,18.26,-0.58,6.73,0.23,0.16,-0.00,11.77
3,13.16,1.30,6.73,0.19,-0.05,-0.00,11.77
4,15.57,1.61,6.73,-0.10,-0.26,-0.00,11.77
0,12.30,-1.35,6.73,-0.69,-0.61,-0.00,11.77
1,15.06,-1.48,6.73,-0.82,-0.26,-0.00,11.77
2,18.27,-0.61,6.73,0.07,-0.31,-0.00,11.77
3,13.19,1.27,6.73,0.30,-0.33,-0.00,11.77
4,15.59,1.59,6.73,0.13,-0.19,-0.00,11.77
0,12.22,-1.40,6.73,-0.81,-0.54,-0.00,11.77
1,14.97,-1.53,6.73,-0.87,-0.55,-0.00,11.77
2,18.29,-0.59,6.73,0.18,0.16,-0.00,11.77
3,13.21,1.22,6.73,0.23,-0.46,-0.00,11.77
4,15.58,1.61,6.73,-0.09,0.20,-0.00,11.77
0,12.22,-1.40,6.73,0.00,0.00,-0.00,11.77
1,14.84,-1.62,6.73,-1.36,-0.86,-0.00,11.77
2,18.29,-0.62,6.73,0.06,-0.31,-0.00,11.77
3,13.20,1.21,6.73,-0.13,-0.11,-0.00,11.77
4,15.47,1.64,6.73,-1.04,0.33,-0.00,11.77
0,12.14,-1.46,6.73,-0.79,-0.55,-0.00,11.77
1,14.76,-1.66,6.73,-0.77,-0.46,-0.00,11.77
2,18.24,-0.62,6.73,-0.55,0.05,-0.00,11.77
3,13.16,1.23,6.73,-0.40,0.13,-0.00,11.77
4,15.44,1.66,6.73,-0.37,0.13,-0.00,11.77
0,12.08,-1.50,6.73,-0.70,-0.44,-0.00,11.77
1,14.78,-1.67,6.73,0.19,-0.08,-0.00,11.77
2,18.20,-0.62,6.73,-0.39,0.01,-0.00,11.77
3,13.16,1.21,6.73,0.06,-0.17,-0.00,11.77
4,15.45,1.65,6.73,0.10,-0.02,-0.00,11.77
0,12.01,-1.54,6.73,-0.65,-0.44,-0.00,11.77
1,14.83,-1.65,6.73,0.47,0.16,-0.00,11.77
2,18.17,-0.61,6.73,-0.27,0.03,-0.00,11.77
3,13.14,1.21,6.73,-0.20,0.05,-0.00,11.77
4,15.49,1.64,6.73,0.44,-0.12,-0.00,11.77
0,11.97,-1.53,6.73,-0.38,0.15,-0.00,11.77
1,14.90,-1.67,6.73,0.79,-0.17,-0.00,11.77
2,18.15,-0.62,6.73,-0.28,-0.04,-0.00,11.77
3,13.11,1.23,6.73,-0.36,0.20,-0.00,11.77
4,15.47,1.61,6.73,-0.16,-0.33,-0.00,11.77
0,11.98,-1.58,6.73,0.04,-0.47,-0.00,11.77
1,14.95,-1.73,6.73,0.47,-0.57,-0.00,11.77
2,18.20,-0.63,6.73,0.54,-0.15,-0.00,11.77
3,13.06,1.26,6.73,-0.46,0.30,-0.00,11.77
4,15.45,1.61,6.73,-0.26,0.05,-0.00,11.77
0,11.93,-1.57,6.73,-0.43,0.06,-0.00,11.77
1,14.95,-1.71,6.73,0.01,0.20,-0.00,11.77
2,18.20,-0.61,6.73,0.06,0.24,-0.00,11.77
3,13.04,1.25,6.73,-0.22,-0.15,-0.00,11.77
4,15.45,1.61,6.73,0.03,-0.04,-0.00,11.77
0,11.90,-1.55,6.73,-0.33,0.15,-0.00,11.77
1,14.90,-1.66,6.73,-0.54,0.42,-0.00,11.77
2,18.23,-0.58,6.73,0.24,0.27,-0.00,11.77
3,13.03,1.21,6.73,-0.07,-0.38,-0.00,11.77
4,15.48,1.59,6.73,0.31,-0.15,-0.00,11.77
0,11.84,-1.60,6.73,-0.56,-0.43,-0.00,11.77
1,14.90,-1.66,6.73,0.02,0.02,-0.00,11.77
2,18.20,-0.58,6.73,-0.27,0.02,-0.00,11.77
3,13.04,1.16,6.73,0.09,-0.53,-0.00,11.77
4,15.54,1.58,6.73,0.58,-0.13,-0.00,11.77
0,11.78,-1.65,6.73,-0.64,-0.52,-0.00,11.77
1,14.86,-1.66,6.73,-0.37,0.04,-0.00,11.77
2,18.27,-0.60,6.73,0.67,-0.19,-0.00,11.77
3,13.04,1.14,6.73,-0.06,-0.18,-0.00,11.77
4,15.56,1.60,6.73,0.18,0.20,-0.00,11.77
0,11.73,-1.69,6.73,-0.54,-0.42,-0.00,11.77
1,14.88,-1.68,6.73,0.13,-0.22,-0.00,11.77
2,18.28,-0.63,6.73,0.12,-0.30,-0.00,11.77
3,13.02,1.15,6.73,-0.16,0.06,-0.00,11.77
4,15.55,1.64,6.73,-0.10,0.43,-0.00,11.77
0,11.72,-1.74,6.73,-0.04,-0.50,-0.00,11.77
1,14.91,-1.62,6.73,0.37,0.62,-0.00,11.77
2,18.25,-0.62,6.73,-0.34,0.08,-0.00,11.77
3,13.00,1.07,6.73,-0.15,-0.79,-0.00,11.77
4,15.57,1.66,6.73,0.17,0.19,-0.00,11.77
0,11.71,-1.79,6.73,-0.13,-0.46,-0.00,11.77
1,14.94,-1.56,6.73,0.26,0.57,-0.00,11.77
2,18.25,-0.60,6.73,0.05,0.22,-0.00,11.77
3,13.02,0.98,6.73,0.15,-0.85,-0.00,11.77
4,15.60,1.67,6.73,0.33,0.05,-0.00,11.77
0,11.66,-1.83,6.73,-0.49,-0.45,-0.00,11.77
1,14.95,-1.56,6.73,0.06,-0.01,-0.00,11.77
2,18.34,-0.62,6.73,0.85,-0.17,-0.00,11.77
3,13.09,0.96,6.73,0.75,-0.23,-0.00,11.77
4,15.60,1.66,6.73,-0.03,-0.09,-0.00,11.77
0,11.65,-1.88,6.73,-0.05,-0.49,-0.00,11.77
1,15.00,-1.59,6.73,0.50,-0.26,-0.00,11.77
2,18.28,-0.61,6.73,-0.52,0.04,-0.00,11.77
3,13.14,0.96,6.73,0.43,-0.02,-0.00,11.77
4,15.62,1.65,6.73,0.20,-0.09,-0.00,11.77
0,11.61,-1.92,6.73,-0.46,-0.41,-0.00,11.77
1,15.01,-1.65,6.73,0.19,-0.60,-0.00,11.77
2,18.30,-0.60,6.73,0.16,0.15,-0.00,11.77
3,13.14,0.97,6.73,0.06,0.13,-0.00,11.77
4,15.61,1.68,6.73,-0.09,0.30,-0.00,11.77
0,11.56,-1.96,6.73,-0.46,-0.39,-0.00,11.77
1,14.98,-1.68,6.73,-0.37,-0.35,-0.00,11.77
2,18.31,-0.58,6.73,0.05,0.22,-0.00,11.77
3,13.12,0.99,6.73,-0.20,0.19,-0.00,11.77
4,15.55,1.68,6.73,-0.59,-0.04,-0.00,11.77
0,11.57,-1.99,6.73,0.06,-0.34,-0.00,11.77
1,14.99,-1.73,6.73,0.16,-0.44,-0.00,11.77
2,18.25,-0.57,6.73,-0.55,0.03,-0.00,11.77
3,13.08,1.01,6.73,-0.42,0.23,-0.00,11.77
4,15.52,1.67,6.73,-0.29,-0.03,-0.00,11.77
0,11.52,-2.03,6.73,-0.44,-0.37,-0.00,11.77
1,14.99,-1.80,6.73,-0.05,-0.68,-0.00,11.77
2,18.28,-0.56,6.73,0.27,0.13,-0.00,11.77
3,13.05,0.94,6.73,-0.32,-0.71,-0.00,11.77
4,15.52,1.62,6.73,0.04,-0.52,-0.00,11.77
0,11.50,-2.08,6.73,-0.23,-0.49,-0.00,11.77
1,15.02,-1.87,6.73,0.29,-0.69,-0.00,11.77
2,18.25,-0.57,6.73,-0.30,-0.07,-0.00,11.77
3,13.07,0.87,6.73,0.21,-0.72,-0.00,11.77
4,15.47,1.56,6.73,-0.50,-0.64,-0.00,11.77
0,11.52,-2.11,6.73,0.16,-0.34,-0.00,11.77
1,14.97,-1.91,6.73,-0.44,-0.40,-0.00,11.77
2,18.27,-0.60,6.73,0.24,-0.30,-0.00,11.77
3,13.09,0.73,6.73,0.16,-1.36,-0.00,11.77
4,15.41,1.54,6.73,-0.61,-0.14,-0.00,11.77
0,11.52,-2.15,6.73,0.03,-0.34,-0.00,11.77
1,14.99,-1.95,6.73,0.16,-0.44,-0.00,11.77
2,18.22,-0.59,6.73,-0.56,0.01,-0.00,11.77
3,13.02,0.80,6.73,-0.66,0.63,-0.00,11.77
4,15.32,1.51,6.73,-0.96,-0.38,-0.00,11.77
0,11.52,-2.18,6.73,0.04,-0.34,-0.00,11.77
1,14.94,-2.02,6.73,-0.48,-0.70,-0.00,11.77
2,18.22,-0.57,6.73,-0.00,0.24,-0.00,11.77
3,13.03,0.88,6.73,0.09,0.86,-0.00,11.77
4,15.20,1.45,6.73,-1.21,-0.55,-0.00,11.77
0,11.49,-2.18,6.73,-0.33,0.03,-0.00,11.77
1,14.93,-2.04,6.73,-0.14,-0.20,-0.00,11.77
2,18.16,-0.57,6.73,-0.57,-0.00,-0.00,11.77
3,12.94,0.95,6.73,-0.92,0.64,-0.00,11.77
4,15.14,1.35,6.73,-0.56,-0.97,-0.00,11.77
0,11.47,-2.17,6.73,-0.23,0.12,-0.00,11.77
1,14.93,-2.02,6.73,0.06,0.22,-0.00,11.77
2,18.10,-0.57,6.73,-0.55,-0.00,-0.00,11.77
3,12.88,0.97,6.73,-0.60,0.20,-0.00,11.77
4,15.14,1.28,6.73,0.04,-0.69,-0.00,11.77
0,11.45,-2.16,6.73,-0.21,0.12,-0.00,11.77
1,14.90,-2.00,6.73,-0.30,0.16,-0.00,11.77
2,18.15,-0.58,6.73,0.51,-0.06,-0.00,11.77
3,12.81,0.94,6.73,-0.64,-0.25,-0.00,11.77
4,15.13,1.21,6.73,-0.11,-0.74,-0.00,11.77
0,11.40,-2.19,6.73,-0.43,-0.36,-0.00,11.77
1,14.90,-1.96,6.73,-0.06,0.43,-0.00,11.77
2,18.11,-0.57,6.73,-0.45,0.03,-0.00,11.77
3,12.76,0.97,6.73,-0.57,0.29,-0.00,11.77
4,15.15,1.15,6.73,0.20,-0.59,-0.00,11.77
0,11.39,-2.23,6.73,-0.10,-0.44,-0.00,11.77
1,14.80,-1.92,6.73,-0.95,0.35,-0.00,11.77
2,18.16,-0.58,6.73,0.53,-0.06,-0.00,11.77
3,12.70,1.00,6.73,-0.55,0.32,-0.00,11.77
4,15.14,1.13,6.73,-0.15,-0.17,-0.00,11.77
0,11.35,-2.27,6.73,-0.42,-0.35,-0.00,11.77
1,14.70,-1.88,6.73,-0.99,0.47,-0.00,11.77
2,18.16,-0.61,6.73,-0.05,-0.28,-0.00,11.77
3,12.66,1.03,6.73,-0.41,0.29,-0.00,11.77
4,15.14,1.12,6.73,0.03,-0.16,-0.00,11.77
0,11.33,-2.25,6.73,-0.20,0.19,-0.00,11.77
1,14.60,-1.81,6.73,-1.04,0.62,-0.00,11.77
2,18.14,-0.60,6.73,-0.16,0.05,-0.00,11.77
3,12.58,1.01,6.73,-0.77,-0.20,-0.00,11.77
4,15.11,1.13,6.73,-0.26,0.11,-0.00,11.77
0,11.28,-2.30,6.73,-0.53,-0.46,-0.00,11.77
1,14.58,-1.79,6.73,-0.17,0.29,-0.00,11.77
2,18.13,-0.63,6.73,-0.06,-0.27,-0.00,11.77
3,12.54,1.05,6.73,-0.42,0.37,-0.00,11.77
4,15.07,1.10,6.73,-0.46,-0.24,-0.00,11.77
0,11.24,-2.29,6.73,-0.40,0.12,-0.00,11.77
1,14.58,-1.74,6.73,0.02,0.45,-0.00,11.77
2,18.08,-0.63,6.73,-0.58,0.02,-0.00,11.77
3,12.51,1.08,6.73,-0.33,0.32,-0.00,11.77
4,15.05,1.08,6.73,-0.16,-0.21,-0.00,11.77
0,11.22,-2.27,6.73,-0.18,0.17,-0.00,11.77
1,14.55,-1.68,6.73,-0.33,0.57,-0.00,11.77
2,18.09,-0.66,6.73,0.12,-0.32,-0.00,11.77
3,12.45,1.06,6.73,-0.58,-0.22,-0.00,11.77
4,15.01,1.09,6.73,-0.37,0.08,-0.00,11.77
0,11.19,-2.26,6.73,-0.28,0.08,-0.00,11.77
1,14.57,-1.66,6.73,0.21,0.22,-0.00,11.77
2,18.05,-0.66,6.73,-0.42,-0.01,-0.00,11.77
3,12.45,1.05,6.73,-0.04,-0.10,-0.00,11.77
4,14.94,1.09,6.73,-0.75,-0.03,-0.00,11.77
0,11.15,-2.26,6.73,-0.41,0.01,-0.00,11.77
1,14.64,-1.67,6.73,0.68,-0.04,-0.00,11.77
2,17.99,-0.66,6.73,-0.58,0.03,-0.00,11.77
3,12.35,1.07,6.73,-0.97,0.24,-0.00,11.77
4,14.93,1.09,6.73,-0.12,-0.00,-0.00,11.77
0,11.20,-2.23,6.73,0.44,0.26,-0.00,11.77
1,14.63,-1.65,6.73,-0.06,0.13,-0.00,11.77
2,17.99,-0.64,6.73,0.01,0.20,-0.00,11.77
3,12.35,1.06,6.73,0.04,-0.16,-0.00,11.77
4,14.94,1.02,6.73,0.09,-0.65,-0.00,11.77
0,11.15,-2.28,6.73,-0.46,-0.49,-0.00,11.77
1,14.64,-1.62,6.73,0.10,0.32,-0.00,11.77
2,17.96,-0.65,6.73,-0.30,-0.06,-0.00,11.77
3,12.32,1.09,6.73,-0.35,0.34,-0.00,11.77
4,14.88,0.98,6.73,-0.54,-0.47,-0.00,11.77
0,11.19,-2.26,6.73,0.42,0.26,-0.00,11.77
1,14.56,-1.60,6.73,-0.86,0.20,-0.00,11.77
2,18.03,-0.65,6.73,0.74,-0.04,-0.00,11.77
3,12.26,1.07,6.73,-0.56,-0.19,-0.00,11.77
4,14.82,0.97,6.73,-0.67,-0.09,-0.00,11.77
0,11.16,-2.30,6.73,-0.38,-0.42,-0.00,11.77
1,14.52,-1.49,6.73,-0.35,1.12,-0.00,11.77
2,17.97,-0.65,6.73,-0.60,0.03,-0.00,11.77
3,12.22,1.11,6.73,-0.39,0.38,-0.00,11.77
4,14.72,0.96,6.73,-0.96,-0.09,-0.00,11.77
0,11.14,-2.28,6.73,-0.16,0.15,-0.00,11.77
1,14.51,-1.45,6.73,-0.15,0.44,-0.00,11.77
2,17.92,-0.64,6.73,-0.57,0.05,-0.00,11.77
3,12.13,1.14,6.73,-0.96,0.30,-0.00,11.77
4,14.72,1.03,6.73,0.04,0.66,-0.00,11.77
0,11.12,-2.27,6.73,-0.16,0.14,-0.00,11.77
1,14.52,-1.39,6.73,0.07,0.53,-0.00,11.77
2,17.87,-0.64,6.73,-0.47,-0.00,-0.00,11.77
3,12.08,1.12,6.73,-0.52,-0.18,-0.00,11.77
4,14.72,1.01,6.73,-0.01,-0.15,-0.00,11.77
0,11.17,-2.24,6.73,0.42,0.29,-0.00,11.77
1,14.42,-1.37,6.73,-0.96,0.27,-0.00,11.77
2,17.89,-0.62,6.73,0.23,0.23,-0.00,11.77
3,12.01,1.11,6.73,-0.67,-0.12,-0.00,11.77
4,14.80,1.07,6.73,0.76,0.64,-0.00,11.77
0,11.13,-2.29,6.73,-0.34,-0.46,-0.00,11.77
1,14.41,-1.37,6.73,-0.07,-0.00,-0.00,11.77
2,17.87,-0.61,6.73,-0.26,0.10,-0.00,11.77
3,12.00,1.19,6.73,-0.07,0.81,-0.00,11.77
4,14.81,1.14,6.73,0.09,0.63,-0.00,11.77
0,11.11,-2.27,6.73,-0.17,0.13,-0.00,11.77
1,14.36,-1.35,6.73,-0.48,0.14,-0.00,11.77
2,17.81,-0.60,6.73,-0.56,0.05,-0.00,11.77
3,11.96,1.17,6.73,-0.45,-0.20,-0.00,11.77
4,14.88,1.20,6.73,0.75,0.59,-0.00,11.77
0,11.10,-2.26,6.73,-0.18,0.12,-0.00,11.77
1,14.40,-1.28,6.73,0.39,0.70,-0.00,11.77
2,17.82,-0.63,6.73,0.07,-0.26,-0.00,11.77
3,11.91,1.16,6.73,-0.46,-0.06,-0.00,11.77
4,14.90,1.29,6.73,0.22,0.90,-0.00,11.77
0,11.08,-2.25,6.73,-0.15,0.13,-0.00,11.77
1,14.43,-1.26,6.73,0.24,0.25,-0.00,11.77
2,17.87,-0.64,6.73,0.54,-0.15,-0.00,11.77
3,11.83,1.18,6.73,-0.81,0.19,-0.00,11.77
4,14.93,1.38,6.73,0.22,0.92,-0.00,11.77
0,11.07,-2.24,6.73,-0.14,0.13,-0.00,11.77
1,14.44,-1.21,6.73,0.17,0.48,-0.00,11.77
2,17.84,-0.63,6.73,-0.26,0.11,-0.00,11.77
3,11.79,1.16,6.73,-0.35,-0.24,-0.00,11.77
4,14.99,1.44,6.73,0.68,0.57,-0.00,11.77
0,11.09,-2.27,6.73,0.21,-0.33,-0.00,11.77
1,14.36,-1.10,6.73,-0.84,1.07,-0.00,11.77
2,17.85,-0.62,6.73,0.04,0.17,-0.00,11.77
3,11.77,1.19,6.73,-0.20,0.34,-0.00,11.77
4,15.02,1.50,6.73,0.22,0.64,-0.00,11.77
0,11.05,-2.26,6.73,-0.33,0.04,-0.00,11.77
1,14.41,-1.13,6.73,0.48,-0.32,-0.00,11.77
2,17.79,-0.61,6.73,-0.56,0.05,-0.00,11.77
3,11.74,1.17,6.73,-0.39,-0.20,-0.00,11.77
4,15.08,1.56,6.73,0.60,0.62,-0.00,11.77
0,11.07,-2.25,6.73,0.12,0.13,-0.00,11.77
1,14.37,-1.20,6.73,-0.34,-0.62,-0.00,11.77
2,17.80,-0.60,6.73,0.13,0.08,-0.00,11.77
3,11.74,1.17,6.73,0.08,-0.07,-0.00,11.77
4,15.09,1.65,6.73,0.17,0.91,-0.00,11.77
0,11.07,-2.29,6.73,0.02,-0.37,-0.00,11.77
1,14.37,-1.18,6.73,-0.09,0.14,-0.00,11.77
2,17.76,-0.60,6.73,-0.45,0.07,-0.00,11.77
3,11.71,1.20,6.73,-0.34,0.34,-0.00,11.77
4,15.11,1.69,6.73,0.11,0.42,-0.00,11.77
0,11.05,-2.29,6.73,-0.16,0.01,-0.00,11.77
1,14.35,-1.23,6.73,-0.18,-0.52,-0.00,11.77
2,17.78,-0.59,6.73,0.22,0.10,-0.00,11.77
3,11.68,1.17,6.73,-0.27,-0.30,-0.00,11.77
4,15.17,1.76,6.73,0.65,0.67,-0.00,11.77
0,11.03,-2.29,6.73,-0.26,-0.00,-0.00,11.77
1,14.28,-1.29,6.73,-0.72,-0.58,-0.00,11.77
2,17.74,-0.58,6.73,-0.45,0.07,-0.00,11.77
3,11.71,1.17,6.73,0.28,-0.03,-0.00,11.77
4,15.19,1.82,6.73,0.15,0.56,-0.00,11.77
0,11.01,-2.28,6.73,-0.15,0.12,-0.00,11.77
1,14.33,-1.27,6.73,0.52,0.24,-0.00,11.77
2,17.76,-0.61,6.73,0.18,-0.29,-0.00,11.77
3,11.74,1.15,6.73,0.33,-0.20,-0.00,11.77
4,15.16,1.90,6.73,-0.31,0.85,-0.00,11.77
0,11.03,-2.26,6.73,0.22,0.15,-0.00,11.77
1,14.32,-1.26,6.73,-0.08,0.12,-0.00,11.77
2,17.71,-0.60,6.73,-0.45,0.08,-0.00,11.77
3,11.75,1.13,6.73,0.05,-0.17,-0.00,11.77
4,15.21,1.95,6.73,0.57,0.43,-0.00,11.77
0,10.99,-2.32,6.73,-0.39,-0.59,-0.00,11.77
1,14.30,-1.29,6.73,-0.23,-0.39,-0.00,11.77
2,17.75,-0.58,6.73,0.42,0.17,-0.00,11.77
3,11.80,1.17,6.73,0.45,0.39,-0.00,11.77
4,15.21,1.97,6.73,-0.01,0.29,-0.00,11.77
0,11.01,-2.30,6.73,0.15,0.23,-0.00,11.77
1,14.32,-1.32,6.73,0.27,-0.28,-0.00,11.77
2,17.70,-0.58,6.73,-0.55,0.05,-0.00,11.77
3,11.83,1.16,6.73,0.35,-0.10,-0.00,11.77
4,15.21,2.00,6.73,-0.01,0.27,-0.00,11.77
0,11.04,-2.27,6.73,0.34,0.28,-0.00,11.77
1,14.30,-1.36,6.73,-0.21,-0.38,-0.00,11.77
2,17.66,-0.58,6.73,-0.37,0.00,-0.00,11.77
3,11.80,1.13,6.73,-0.33,-0.27,-0.00,11.77
4,15.26,2.05,6.73,0.49,0.48,-0.00,11.77
0,11.01,-2.31,6.73,-0.29,-0.45,-0.00,11.77
1,14.35,-1.33,6.73,0.45,0.31,-0.00,11.77
2,17.67,-0.56,6.73,0.06,0.19,-0.00,11.77
3,11.82,1.18,6.73,0.21,0.51,-0.00,11.77
4,15.24,2.03,6.73,-0.15,-0.23,-0.00,11.77
0,11.00,-2.31,6.73,-0.16,0.04,-0.00,11.77
1,14.34,-1.32,6.73,-0.10,0.10,-0.00,11.77
2,17.64,-0.56,6.73,-0.26,0.02,-0.00,11.77
3,11.83,1.17,6.73,0.15,-0.15,-0.00,11.77
4,15.25,2.06,6.73,0.08,0.28,-0.00,11.77
0,10.98,-2.30,6.73,-0.13,0.14,-0.00,11.77
1,14.32,-1.36,6.73,-0.23,-0.38,-0.00,11.77
2,17.65,-0.54,6.73,0.07,0.19,-0.00,11.77
3,11.87,1.16,6.73,0.34,-0.10,-0.00,11.77
4,15.25,2.08,6.73,-0.03,0.25,-0.00,11.77
0,10.94,-2.30,6.73,-0.46,-0.04,-0.00,11.77
1,14.36,-1.33,6.73,0.44,0.31,-0.00,11.77
2,17.66,-0.52,6.73,0.13,0.12,-0.00,11.77
3,11.90,1.14,6.73,0.31,-0.20,-0.00,11.77
4,15.23,2.05,6.73,-0.25,-0.25,-0.00,11.77
0,10.95,-2.28,6.73,0.15,0.23,-0.00,11.77
1,14.30,-1.39,6.73,-0.62,-0.60,-0.00,11.77
2,17.62,-0.52,6.73,-0.44,0.07,-0.00,11.77
3,11.83,1.15,6.73,-0.70,0.07,-0.00,11.77
4,15.27,2.10,6.73,0.48,0.49,-0.00,11.77
0,10.94,-2.26,6.73,-0.14,0.15,-0.00,11.77
1,14.30,-1.38,6.73,0.02,0.10,-0.00,11.77
2,17.62,-0.50,6.73,0.06,0.20,-0.00,11.77
3,11.85,1.12,6.73,0.22,-0.22,-0.00,11.77
4,15.28,2.09,6.73,0.04,-0.18,-0.00,11.77
0,10.93,-2.25,6.73,-0.13,0.15,-0.00,11.77
1,14.28,-1.42,6.73,-0.14,-0.48,-0.00,11.77
2,17.69,-0.52,6.73,0.65,-0.19,-0.00,11.77
3,11.83,1.16,6.73,-0.25,0.38,-0.00,11.77
4,15.22,2.11,6.73,-0.56,0.21,-0.00,11.77
0,10.89,-2.24,6.73,-0.34,0.11,-0.00,11.77
1,14.33,-1.40,6.73,0.42,0.19,-0.00,11.77
2,17.65,-0.52,6.73,-0.37,-0.00,-0.00,11.77
3,11.85,1.16,6.73,0.27,-0.02,-0.00,11.77
4,15.20,2.07,6.73,-0.18,-0.33,-0.00,11.77
0,10.93,-2.21,6.73,0.35,0.27,-0.00,11.77
1,14.26,-1.41,6.73,-0.66,-0.08,-0.00,11.77
2,17.68,-0.51,6.73,0.29,0.08,-0.00,11.77
3,11.83,1.13,6.73,-0.24,-0.25,-0.00,11.77
4,15.20,2.04,6.73,-0.08,-0.30,-0.00,11.77
0,10.90,-2.25,6.73,-0.30,-0.43,-0.00,11.77
1,14.32,-1.38,6.73,0.55,0.32,-0.00,11.77
2,17.63,-0.50,6.73,-0.54,0.05,-0.00,11.77
3,11.86,1.18,6.73,0.30,0.44,-0.00,11.77
4,15.19,2.01,6.73,-0.08,-0.30,-0.00,11.77
0,10.93,-2.22,6.73,0.35,0.28,-0.00,11.77
1,14.25,-1.38,6.73,-0.64,0.02,-0.00,11.77
2,17.63,-0.48,6.73,0.06,0.20,-0.00,11.77
3,11.83,1.14,6.73,-0.28,-0.35,-0.00,11.77
4,15.23,2.00,6.73,0.41,-0.17,-0.00,11.77
0,10.92,-2.22,6.73,-0.17,0.05,-0.00,11.77
1,14.29,-1.40,6.73,0.39,-0.26,-0.00,11.77
2,17.68,-0.51,6.73,0.46,-0.24,-0.00,11.77
3,11.83,1.22,6.73,-0.05,0.79,-0.00,11.77
4,15.17,2.02,6.73,-0.57,0.21,-0.00,11.77
0,10.95,-2.19,6.73,0.35,0.27,-0.00,11.77
1,14.34,-1.39,6.73,0.48,0.12,-0.00,11.77
2,17.62,-0.50,6.73,-0.54,0.05,-0.00,11.77
3,11.80,1.19,6.73,-0.28,-0.34,-0.00,11.77
4,15.22,2.01,6.73,0.44,-0.08,-0.00,11.77
0,10.91,-2.25,6.73,-0.41,-0.55,-0.00,11.77
1,14.33,-1.38,6.73,-0.05,0.17,-0.00,11.77
2,17.69,-0.53,6.73,0.64,-0.27,-0.00,11.77
3,11.84,1.23,6.73,0.46,0.38,-0.00,11.77
4,15.16,2.02,6.73,-0.59,0.11,-0.00,11.77
0,10.95,-2.22,6.73,0.45,0.30,-0.00,11.77
1,14.26,-1.43,6.73,-0.77,-0.55,-0.00,11.77
2,17.71,-0.52,6.73,0.21,0.15,-0.00,11.77
3,11.80,1.21,6.73,-0.43,-0.20,-0.00,11.77
4,15.21,2.06,6.73,0.56,0.40,-0.00,11.77
0,10.99,-2.19,6.73,0.35,0.27,-0.00,11.77
1,14.27,-1.42,6.73,0.13,0.13,-0.00,11.77
2,17.67,-0.52,6.73,-0.37,-0.00,-0.00,11.77
3,11.83,1.19,6.73,0.32,-0.20,-0.00,11.77
4,15.19,2.03,6.73,-0.18,-0.33,-0.00,11.77
0,10.95,-2.24,6.73,-0.43,-0.55,-0.00,11.77
1,14.31,-1.40,6.73,0.44,0.19,-0.00,11.77
2,17.64,-0.51,6.73,-0.34,0.10,-0.00,11.77
3,11.85,1.23,6.73,0.12,0.48,-0.00,11.77
4,15.24,2.01,6.73,0.41,-0.18,-0.00,11.77
0,10.93,-2.24,6.73,-0.16,0.05,-0.00,11.77
1,14.31,-1.38,6.73,-0.05,0.17,-0.00,11.77
2,17.70,-0.53,6.73,0.64,-0.28,-0.00,11.77
3,11.82,1.20,6.73,-0.27,-0.34,-0.00,11.77
4,15.20,2.04,6.73,-0.37,0.26,-0.00,11.77
0,10.90,-2.23,6.73,-0.33,0.10,-0.00,11.77
1,14.26,-1.38,6.73,-0.53,0.06,-0.00,11.77
2,17.71,-0.51,6.73,0.04,0.20,-0.00,11.77
3,11.79,1.17,6.73,-0.26,-0.35,-0.00,11.77
4,15.19,2.02,6.73,-0.05,-0.20,-0.00,11.77
0,10.93,-2.20,6.73,0.35,0.27,-0.00,11.77
1,14.32,-1.35,6.73,0.61,0.25,-0.00,11.77
2,17.67,-0.51,6.73,-0.37,-0.00,-0.00,11.77
3,11.82,1.15,6.73,0.25,-0.12,-0.00,11.77
4,15.18,1.99,6.73,-0.15,-0.22,-0.00,11.77
0,10.90,-2.24,6.73,-0.29,-0.43,-0.00,11.77
1,14.30,-1.39,6.73,-0.21,-0.41,-0.00,11.77
2,17.69,-0.50,6.73,0.22,0.15,-0.00,11.77
3,11.83,1.20,6.73,0.13,0.48,-0.00,11.77
4,15.19,2.02,6.73,0.07,0.29,-0.00,11.77
0,10.89,-2.23,6.73,-0.13,0.16,-0.00,11.77
1,14.36,-1.37,6.73,0.60,0.25,-0.00,11.77
2,17.65,-0.50,6.73,-0.37,-0.00,-0.00,11.77
3,11.80,1.17,6.73,-0.27,-0.35,-0.00,11.77
4,15.18,1.99,6.73,-0.08,-0.30,-0.00,11.77
0,10.90,-2.22,6.73,0.13,0.12,-0.00,11.77
1,14.28,-1.43,6.73,-0.79,-0.57,-0.00,11.77
2,17.66,-0.48,6.73,0.05,0.20,-0.00,11.77
3,11.76,1.14,6.73,-0.44,-0.29,-0.00,11.77
4,15.23,2.03,6.73,0.55,0.41,-0.00,11.77
0,10.87,-2.26,6.73,-0.29,-0.42,-0.00,11.77
1,14.28,-1.41,6.73,0.05,0.20,-0.00,11.77
2,17.66,-0.52,6.73,0.05,-0.43,-0.00,11.77
3,11.81,1.18,6.73,0.47,0.39,-0.00,11.77
4,15.17,2.04,6.73,-0.60,0.10,-0.00,11.77
0,10.91,-2.23,6.73,0.35,0.28,-0.00,11.77
1,14.28,-1.39,6.73,-0.05,0.18,-0.00,11.77
2,17.67,-0.50,6.73,0.04,0.20,-0.00,11.77
3,11.82,1.16,6.73,0.14,-0.15,-0.00,11.77
4,15.21,2.04,6.73,0.36,-0.00,-0.00,11.77
0,10.88,-2.22,6.73,-0.33,0.10,-0.00,11.77
1,14.33,-1.37,6.73,0.51,0.22,-0.00,11.77
2,17.61,-0.50,6.73,-0.54,0.05,-0.00,11.77
3,11.85,1.14,6.73,0.31,-0.20,-0.00,11.77
4,15.19,2.01,6.73,-0.18,-0.32,-0.00,11.77
0,10.92,-2.19,6.73,0.45,0.30,-0.00,11.77
1,14.26,-1.42,6.73,-0.69,-0.54,-0.00,11.77
2,17.68,-0.53,6.73,0.64,-0.28,-0.00,11.77
3,11.83,1.12,6.73,-0.25,-0.25,-0.00,11.77
4,15.14,2.04,6.73,-0.47,0.23,-0.00,11.77
0,10.88,-2.25,6.73,-0.43,-0.56,-0.00,11.77
1,14.31,-1.39,6.73,0.55,0.32,-0.00,11.77
2,17.62,-0.52,6.73,-0.54,0.05,-0.00,11.77
3,11.80,1.09,6.73,-0.25,-0.26,-0.00,11.77
4,15.18,2.02,6.73,0.41,-0.16,-0.00,11.77
0,10.91,-2.28,6.73,0.29,-0.28,-0.00,11.77
1,14.30,-1.37,6.73,-0.15,0.15,-0.00,11.77
2,17.63,-0.50,6.73,0.05,0.20,-0.00,11.77
3,11.84,1.14,6.73,0.40,0.46,-0.00,11.77
4,15.18,2.00,6.73,-0.05,-0.20,-0.00,11.77
0,10.92,-2.26,6.73,0.13,0.13,-0.00,11.77
1,14.22,-1.43,6.73,-0.78,-0.56,-0.00,11.77
2,17.59,-0.49,6.73,-0.44,0.07,-0.00,11.77
3,11.79,1.12,6.73,-0.52,-0.23,-0.00,11.77
4,15.19,2.03,6.73,0.07,0.28,-0.00,11.77
0,10.93,-2.31,6.73,0.07,-0.43,-0.00,11.77
1,14.22,-1.41,6.73,-0.02,0.17,-0.00,11.77
2,17.63,-0.52,6.73,0.46,-0.23,-0.00,11.77
3,11.83,1.15,6.73,0.36,0.36,-0.00,11.77
4,15.17,2.01,6.73,-0.13,-0.13,-0.00,11.77
0,10.89,-2.30,6.73,-0.34,0.09,-0.00,11.77
1,14.27,-1.39,6.73,0.52,0.23,-0.00,11.77
2,17.60,-0.51,6.73,-0.34,0.10,-0.00,11.77
3,11.80,1.12,6.73,-0.27,-0.35,-0.00,11.77
4,15.17,1.98,6.73,-0.08,-0.30,-0.00,11.77
0,10.88,-2.29,6.73,-0.16,0.05,-0.00,11.77
1,14.26,-1.38,6.73,-0.08,0.07,-0.00,11.77
2,17.66,-0.53,6.73,0.67,-0.18,-0.00,11.77
3,11.78,1.09,6.73,-0.24,-0.24,-0.00,11.77
4,15.18,2.07,6.73,0.14,0.83,-0.00,11.77
0,10.92,-2.26,6.73,0.45,0.30,-0.00,11.77
1,14.25,-1.37,6.73,-0.14,0.15,-0.00,11.77
2,17.62,-0.53,6.73,-0.47,-0.03,-0.00,11.77
3,11.78,1.08,6.73,0.07,-0.07,-0.00,11.77
4,15.16,2.03,6.73,-0.18,-0.33,-0.00,11.77
0,10.88,-2.32,6.73,-0.42,-0.57,-0.00,11.77
1,14.29,-1.39,6.73,0.38,-0.24,-0.00,11.77
2,17.62,-0.51,6.73,0.05,0.19,-0.00,11.77
3,11.79,1.17,6.73,0.04,0.82,-0.00,11.77
4,15.17,2.03,6.73,0.07,-0.07,-0.00,11.77
0,10.92,-2.29,6.73,0.45,0.31,-0.00,11.77
1,14.24,-1.39,6.73,-0.46,-0.03,-0.00,11.77
2,17.64,-0.49,6.73,0.22,0.15,-0.00,11.77
3,11.76,1.13,6.73,-0.26,-0.35,-0.00,11.77
4,15.21,2.01,6.73,0.40,-0.18,-0.00,11.77
0,10.90,-2.28,6.73,-0.27,0.02,-0.00,11.77
1,14.30,-1.36,6.73,0.54,0.33,-0.00,11.77
2,17.65,-0.54,6.73,0.05,-0.43,-0.00,11.77
3,11.79,1.11,6.73,0.32,-0.20,-0.00,11.77
4,15.15,2.02,6.73,-0.60,0.10,-0.00,11.77
0,10.94,-2.25,6.73,0.45,0.30,-0.00,11.77
1,14.28,-1.40,6.73,-0.19,-0.41,-0.00,11.77
2,17.65,-0.52,6.73,0.05,0.19,-0.00,11.77
3,11.82,1.09,6.73,0.22,-0.22,-0.00,11.77
4,15.21,2.08,6.73,0.60,0.61,-0.00,11.77
0,10.89,-2.30,6.73,-0.49,-0.48,-0.00,11.77
1,14.28,-1.40,6.73,0.01,-0.00,-0.00,11.77
2,17.66,-0.50,6.73,0.04,0.20,-0.00,11.77
3,11.83,1.09,6.73,0.17,-0.04,-0.00,11.77
4,15.19,2.05,6.73,-0.18,-0.33,-0.00,11.77
0,10.91,-2.28,6.73,0.15,0.23,-0.00,11.77
1,14.26,-1.44,6.73,-0.20,-0.41,-0.00,11.77
2,17.68,-0.48,6.73,0.21,0.15,-0.00,11.77
3,11.81,1.11,6.73,-0.20,0.21,-0.00,11.77
4,15.24,2.04,6.73,0.52,-0.04,-0.00,11.77
0,10.89,-2.26,6.73,-0.14,0.16,-0.00,11.77
1,14.30,-1.41,6.73,0.45,0.30,-0.00,11.77
2,17.65,-0.48,6.73,-0.27,0.02,-0.00,11.77
3,11.84,1.09,6.73,0.32,-0.19,-0.00,11.77
4,15.23,2.01,6.73,-0.08,-0.30,-0.00,11.77
0,10.94,-2.24,6.73,0.42,0.20,-0.00,11.77
1,14.24,-1.41,6.73,-0.62,0.01,-0.00,11.77
2,17.61,-0.48,6.73,-0.37,-0.01,-0.00,11.77
3,11.87,1.13,6.73,0.31,0.43,-0.00,11.77
4,15.21,1.99,6.73,-0.25,-0.25,-0.00,11.77
0,10.96,-2.23,6.73,0.22,0.15,-0.00,11.77
1,14.33,-1.43,6.73,0.93,-0.21,-0.00,11.77
2,17.57,-0.49,6.73,-0.46,-0.03,-0.00,11.77
3,11.84,1.10,6.73,-0.35,-0.27,-0.00,11.77
4,15.21,2.01,6.73,-0.02,0.26,-0.00,11.77
0,10.92,-2.28,6.73,-0.42,-0.55,-0.00,11.77
1,14.33,-1.43,6.73,0.01,0.07,-0.00,11.77
2,17.62,-0.51,6.73,0.49,-0.23,-0.00,11.77
3,11.81,1.13,6.73,-0.28,0.28,-0.00,11.77
4,15.21,2.04,6.73,-0.02,0.27,-0.00,11.77
0,10.94,-2.27,6.73,0.22,0.15,-0.00,11.77
1,14.28,-1.43,6.73,-0.57,-0.06,-0.00,11.77
2,17.62,-0.49,6.73,0.06,0.21,-0.00,11.77
3,11.84,1.11,6.73,0.32,-0.20,-0.00,11.77
4,15.19,2.01,6.73,-0.18,-0.33,-0.00,11.77
0,10.91,-2.27,6.73,-0.27,0.03,-0.00,11.77
1,14.27,-1.43,6.73,-0.06,0.06,-0.00,11.77
2,17.63,-0.47,6.73,0.12,0.13,-0.00,11.77
3,11.82,1.08,6.73,-0.27,-0.35,-0.00,11.77
4,15.19,2.04,6.73,-0.01,0.26,-0.00,11.77
0,10.86,-2.31,6.73,-0.49,-0.48,-0.00,11.77
1,14.26,-1.42,6.73,-0.06,0.06,-0.00,11.77
2,17.64,-0.45,6.73,0.04,0.20,-0.00,11.77
3,11.86,1.12,6.73,0.40,0.47,-0.00,11.77
4,15.17,2.00,6.73,-0.18,-0.33,-0.00,11.77
0,10.90,-2.29,6.73,0.35,0.28,-0.00,11.77
1,14.27,-1.40,6.73,0.05,0.20,-0.00,11.77
2,17.63,-0.49,6.73,-0.11,-0.39,-0.00,11.77
3,11.83,1.09,6.73,-0.28,-0.35,-0.00,11.77
4,15.17,2.03,6.73,-0.01,0.25,-0.00,11.77
0,10.90,-2.29,6.73,0.00,0.00,-0.00,11.77
1,14.31,-1.43,6.73,0.37,-0.26,-0.00,11.77
2,17.63,-0.47,6.73,0.04,0.20,-0.00,11.77
3,11.76,1.10,6.73,-0.69,0.07,-0.00,11.77
4,15.21,2.01,6.73,0.40,-0.16,-0.00,11.77
0,10.92,-2.32,6.73,0.20,-0.30,-0.00,11.77
1,14.30,-1.43,6.73,-0.10,-0.03,-0.00,11.77
2,17.63,-0.51,6.73,-0.02,-0.36,-0.00,11.77
3,11.79,1.09,6.73,0.35,-0.09,-0.00,11.77
4,15.16,2.03,6.73,-0.48,0.23,-0.00,11.77
0,10.88,-2.32,6.73,-0.35,0.00,-0.00,11.77
1,14.30,-1.42,6.73,0.02,0.09,-0.00,11.77
2,17.63,-0.49,6.73,0.05,0.20,-0.00,11.77
3,11.82,1.06,6.73,0.22,-0.22,-0.00,11.77
4,15.20,2.02,6.73,0.40,-0.17,-0.00,11.77
0,10.90,-2.30,6.73,0.22,0.15,-0.00,11.77
1,14.23,-1.43,6.73,-0.65,-0.09,-0.00,11.77
2,17.65,-0.48,6.73,0.12,0.13,-0.00,11.77
3,11.84,1.04,6.73,0.21,-0.22,-0.00,11.77
4,15.14,2.03,6.73,-0.60,0.10,-0.00,11.77
0,10.87,-2.30,6.73,-0.36,-0.00,-0.00,11.77
1,14.33,-1.44,6.73,0.97,-0.11,-0.00,11.77
2,17.60,-0.48,6.73,-0.47,-0.04,-0.00,11.77
3,11.77,1.06,6.73,-0.66,0.17,-0.00,11.77
4,15.18,2.01,6.73,0.41,-0.16,-0.00,11.77
0,10.91,-2.28,6.73,0.42,0.20,-0.00,11.77
1,14.27,-1.44,6.73,-0.64,0.00,-0.00,11.77
2,17.65,-0.50,6.73,0.47,-0.22,-0.00,11.77
3,11.82,1.10,6.73,0.47,0.39,-0.00,11.77
4,15.13,2.03,6.73,-0.47,0.23,-0.00,11.77
0,10.88,-2.28,6.73,-0.26,0.03,-0.00,11.77
1,14.33,-1.41,6.73,0.61,0.25,-0.00,11.77
2,17.61,-0.49,6.73,-0.34,0.09,-0.00,11.77
3,11.79,1.06,6.73,-0.27,-0.36,-0.00,11.77
4,15.18,2.03,6.73,0.44,-0.06,-0.00,11.77
0,10.89,-2.32,6.73,0.07,-0.43,-0.00,11.77
1,14.26,-1.42,6.73,-0.67,-0.09,-0.00,11.77
2,17.62,-0.47,6.73,0.06,0.20,-0.00,11.77
3,11.82,1.06,6.73,0.27,-0.02,-0.00,11.77
4,15.18,2.02,6.73,-0.03,-0.10,-0.00,11.77
0,10.88,-2.32,6.73,-0.16,0.05,-0.00,11.77
1,14.35,-1.43,6.73,0.85,-0.13,-0.00,11.77
2,17.63,-0.46,6.73,0.11,0.13,-0.00,11.77
3,11.75,1.07,6.73,-0.68,0.07,-0.00,11.77
4,15.17,2.04,6.73,-0.02,0.26,-0.00,11.77
0,10.91,-2.34,6.73,0.30,-0.27,-0.00,11.77
1,14.28,-1.43,6.73,-0.64,0.00,-0.00,11.77
2,17.63,-0.44,6.73,0.05,0.21,-0.00,11.77
3,11.80,1.11,6.73,0.47,0.39,-0.00,11.77
4,15.16,2.02,6.73,-0.15,-0.23,-0.00,11.77
0,10.86,-2.35,6.73,-0.45,-0.03,-0.00,11.77
1,14.28,-1.42,6.73,-0.04,0.16,-0.00,11.77
2,17.68,-0.46,6.73,0.46,-0.22,-0.00,11.77
3,11.77,1.07,6.73,-0.26,-0.35,-0.00,11.77
4,15.19,2.01,6.73,0.33,-0.10,-0.00,11.77
0,10.91,-2.32,6.73,0.45,0.31,-0.00,11.77
1,14.28,-1.40,6.73,0.05,0.20,-0.00,11.77
2,17.63,-0.46,6.73,-0.54,0.03,-0.00,11.77
3,11.80,1.06,6.73,0.35,-0.09,-0.00,11.77
4,15.19,1.99,6.73,-0.05,-0.20,-0.00,11.77
0,10.93,-2.34,6.73,0.29,-0.27,-0.00,11.77
1,14.26,-1.44,6.73,-0.20,-0.41,-0.00,11.77
2,17.69,-0.49,6.73,0.64,-0.27,-0.00,11.77
3,11.80,1.14,6.73,-0.05,0.78,-0.00,11.77
4,15.14,2.01,6.73,-0.48,0.23,-0.00,11.77
0,10.91,-2.35,6.73,-0.29,-0.08,-0.00,11.77
1,14.31,-1.41,6.73,0.44,0.31,-0.00,11.77
2,17.65,-0.49,6.73,-0.37,-0.01,-0.00,11.77
3,11.77,1.11,6.73,-0.27,-0.35,-0.00,11.77
4,15.13,1.98,6.73,-0.07,-0.30,-0.00,11.77
0,10.95,-2.32,6.73,0.44,0.31,-0.00,11.77
1,14.23,-1.46,6.73,-0.77,-0.57,-0.00,11.77
2,17.66,-0.47,6.73,0.04,0.20,-0.00,11.77
3,11.73,1.08,6.73,-0.43,-0.30,-0.00,11.77
4,15.18,2.03,6.73,0.55,0.41,-0.00,11.77
0,10.92,-2.36,6.73,-0.29,-0.43,-0.00,11.77
1,14.28,-1.44,6.73,0.53,0.23,-0.00,11.77
2,17.64,-0.47,6.73,-0.20,-0.05,-0.00,11.77
3,11.77,1.12,6.73,0.38,0.47,-0.00,11.77
4,15.17,1.99,6.73,-0.18,-0.33,-0.00,11.77
0,10.91,-2.35,6.73,-0.13,0.15,-0.00,11.77
1,14.28,-1.42,6.73,-0.04,0.17,-0.00,11.77
2,17.68,-0.49,6.73,0.46,-0.22,-0.00,11.77
3,11.80,1.10,6.73,0.32,-0.20,-0.00,11.77
4,15.11,2.01,6.73,-0.57,0.20,-0.00,11.77
0,10.89,-2.33,6.73,-0.13,0.15,-0.00,11.77
1,14.33,-1.39,6.73,0.53,0.33,-0.00,11.77
2,17.64,-0.49,6.73,-0.44,0.07,-0.00,11.77
3,11.77,1.07,6.73,-0.27,-0.36,-0.00,11.77
4,15.14,2.00,6.73,0.34,-0.09,-0.00,11.77
0,10.94,-2.31,6.73,0.42,0.21,-0.00,11.77
1,14.30,-1.43,6.73,-0.29,-0.44,-0.00,11.77
2,17.64,-0.47,6.73,0.05,0.20,-0.00,11.77
3,11.72,1.05,6.73,-0.50,-0.23,-0.00,11.77
4,15.21,2.06,6.73,0.66,0.54,-0.00,11.77
0,10.97,-2.29,6.73,0.32,0.18,-0.00,11.77
1,14.29,-1.43,6.73,-0.07,0.06,-0.00,11.77
2,17.65,-0.45,6.73,0.04,0.20,-0.00,11.77
3,11.75,1.09,6.73,0.29,0.45,-0.00,11.77
4,15.19,2.03,6.73,-0.15,-0.23,-0.00,11.77
0,10.94,-2.30,6.73,-0.29,-0.07,-0.00,11.77
1,14.29,-1.42,6.73,-0.06,0.06,-0.00,11.77
2,17.71,-0.47,6.73,0.63,-0.27,-0.00,11.77
3,11.79,1.13,6.73,0.36,0.37,-0.00,11.77
4,15.14,2.04,6.73,-0.60,0.10,-0.00,11.77
0,10.91,-2.29,6.73,-0.34,0.10,-0.00,11.77
1,14.34,-1.39,6.73,0.54,0.33,-0.00,11.77
2,17.66,-0.48,6.73,-0.47,-0.03,-0.00,11.77
3,11.79,1.11,6.73,0.05,-0.17,-0.00,11.77
4,15.18,2.03,6.73,0.41,-0.17,-0.00,11.77
0,10.93,-2.27,6.73,0.25,0.25,-0.00,11.77
1,14.28,-1.40,6.73,-0.66,-0.09,-0.00,11.77
2,17.68,-0.46,6.73,0.22,0.15,-0.00,11.77
3,11.82,1.10,6.73,0.24,-0.12,-0.00,11.77
4,15.15,2.00,6.73,-0.25,-0.25,-0.00,11.77
0,10.91,-2.26,6.73,-0.17,0.05,-0.00,11.77
1,14.33,-1.38,6.73,0.51,0.23,-0.00,11.77
2,17.64,-0.46,6.73,-0.44,0.06,-0.00,11.77
3,11.80,1.13,6.73,-0.19,0.30,-0.00,11.77
4,15.19,1.99,6.73,0.41,-0.16,-0.00,11.77
0,10.96,-2.23,6.73,0.45,0.30,-0.00,11.77
1,14.25,-1.43,6.73,-0.79,-0.57,-0.00,11.77
2,17.69,-0.48,6.73,0.48,-0.23,-0.00,11.77
3,11.82,1.13,6.73,0.27,-0.02,-0.00,11.77
4,15.16,2.06,6.73,-0.36,0.71,-0.00,11.77
0,10.94,-2.22,6.73,-0.18,0.05,-0.00,11.77
1,14.31,-1.41,6.73,0.63,0.25,-0.00,11.77
2,17.63,-0.47,6.73,-0.54,0.04,-0.00,11.77
3,11.81,1.15,6.73,-0.12,0.23,-0.00,11.77
4,15.15,2.03,6.73,-0.08,-0.30,-0.00,11.77
0,10.91,-2.27,6.73,-0.29,-0.42,-0.00,11.77
1,14.36,-1.39,6.73,0.51,0.22,-0.00,11.77
2,17.64,-0.45,6.73,0.05,0.21,-0.00,11.77
3,11.84,1.19,6.73,0.29,0.43,-0.00,11.77
4,15.20,2.03,6.73,0.46,0.03,-0.00,11.77
0,10.93,-2.25,6.73,0.23,0.15,-0.00,11.77
1,14.30,-1.38,6.73,-0.64,0.01,-0.00,11.77
2,17.64,-0.49,6.73,-0.02,-0.36,-0.00,11.77
3,11.82,1.16,6.73,-0.27,-0.35,-0.00,11.77
4,15.21,2.07,6.73,0.11,0.38,-0.00,11.77
0,10.91,-2.25,6.73,-0.26,0.03,-0.00,11.77
1,14.30,-1.39,6.73,-0.00,-0.01,-0.00,11.77
2,17.64,-0.47,6.73,0.05,0.20,-0.00,11.77
3,11.82,1.15,6.73,0.07,-0.07,-0.00,11.77
4,15.20,2.04,6.73,-0.08,-0.30,-0.00,11.77
0,10.94,-2.22,6.73,0.35,0.28,-0.00,11.77
1,14.30,-1.39,6.73,-0.00,-0.01,-0.00,11.77
2,17.67,-0.45,6.73,0.31,0.18,-0.00,11.77
3,11.80,1.12,6.73,-0.26,-0.35,-0.00,11.77
4,15.24,2.02,6.73,0.40,-0.17,-0.00,11.77
0,10.91,-2.27,6.73,-0.29,-0.43,-0.00,11.77
1,14.35,-1.35,6.73,0.54,0.32,-0.00,11.77
2,17.68,-0.50,6.73,0.06,-0.43,-0.00,11.77
3,11.83,1.16,6.73,0.30,0.44,-0.00,11.77
4,15.18,2.03,6.73,-0.60,0.11,-0.00,11.77
0,10.95,-2.25,6.73,0.32,0.18,-0.00,11.77
1,14.27,-1.41,6.73,-0.78,-0.56,-0.00,11.77
2,17.64,-0.50,6.73,-0.37,-0.00,-0.00,11.77
3,11.80,1.13,6.73,-0.27,-0.35,-0.00,11.77
4,15.23,2.07,6.73,0.55,0.41,-0.00,11.77
0,10.92,-2.29,6.73,-0.29,-0.43,-0.00,11.77
1,14.22,-1.41,6.73,-0.52,0.05,-0.00,11.77
2,17.65,-0.48,6.73,0.04,0.20,-0.00,11.77
3,11.85,1.16,6.73,0.46,0.39,-0.00,11.77
4,15.22,2.05,6.73,-0.15,-0.23,-0.00,11.77
0,10.92,-2.28,6.73,0.03,0.10,-0.00,11.77
1,14.31,-1.42,6.73,0.86,-0.13,-0.00,11.77
2,17.61,-0.48,6.73,-0.37,-0.01,-0.00,11.77
3,11.81,1.19,6.73,-0.36,0.26,-0.00,11.77
4,15.27,2.05,6.73,0.55,0.05,-0.00,11.77
0,10.91,-2.26,6.73,-0.13,0.16,-0.00,11.77
1,14.30,-1.41,6.73,-0.08,0.06,-0.00,11.77
2,17.62,-0.52,6.73,0.15,-0.42,-0.00,11.77
3,11.83,1.17,6.73,0.22,-0.23,-0.00,11.77
4,15.21,2.07,6.73,-0.60,0.12,-0.00,11.77
0,10.89,-2.26,6.73,-0.16,0.06,-0.00,11.77
1,14.29,-1.40,6.73,-0.05,0.17,-0.00,11.77
2,17.67,-0.50,6.73,0.42,0.21,-0.00,11.77
3,11.81,1.13,6.73,-0.26,-0.35,-0.00,11.77
4,15.20,2.04,6.73,-0.08,-0.30,-0.00,11.77
0,10.93,-2.23,6.73,0.35,0.28,-0.00,11.77
1,14.29,-1.39,6.73,-0.07,0.07,-0.00,11.77
2,17.69,-0.48,6.73,0.21,0.15,-0.00,11.77
3,11.81,1.13,6.73,0.07,-0.07,-0.00,11.77
4,15.20,2.03,6.73,-0.03,-0.10,-0.00,11.77
0,10.90,-2.27,6.73,-0.29,-0.43,-0.00,11.77
1,14.34,-1.36,6.73,0.54,0.32,-0.00,11.77
2,17.63,-0.48,6.73,-0.54,0.04,-0.00,11.77
3,11.84,1.17,6.73,0.30,0.44,-0.00,11.77
4,15.18,2.00,6.73,-0.25,-0.25,-0.00,11.77
0,10.94,-2.24,6.73,0.45,0.30,-0.00,11.77
1,14.26,-1.41,6.73,-0.79,-0.57,-0.00,11.77
2,17.65,-0.47,6.73,0.13,0.13,-0.00,11.77
3,11.81,1.13,6.73,-0.28,-0.34,-0.00,11.77
4,15.19,2.08,6.73,0.14,0.84,-0.00,11.77
0,10.91,-2.29,6.73,-0.30,-0.42,-0.00,11.77
1,14.32,-1.39,6.73,0.62,0.25,-0.00,11.77
2,17.60,-0.46,6.73,-0.44,0.07,-0.00,11.77
3,11.86,1.17,6.73,0.46,0.39,-0.00,11.77
4,15.17,2.05,6.73,-0.18,-0.33,-0.00,11.77
0,10.92,-2.27,6.73,0.12,0.13,-0.00,11.77
1,14.26,-1.41,6.73,-0.59,-0.17,-0.00,11.77
2,17.65,-0.48,6.73,0.47,-0.22,-0.00,11.77
3,11.83,1.14,6.73,-0.28,-0.35,-0.00,11.77
4,15.17,2.08,6.73,-0.00,0.26,-0.00,11.77
0,10.91,-2.26,6.73,-0.14,0.15,-0.00,11.77
1,14.32,-1.37,6.73,0.54,0.33,-0.00,11.77
2,17.61,-0.48,6.73,-0.37,-0.00,-0.00,11.77
3,11.79,1.11,6.73,-0.44,-0.31,-0.00,11.77
4,15.21,2.06,6.73,0.40,-0.17,-0.00,11.77
0,10.94,-2.29,6.73,0.29,-0.28,-0.00,11.77
1,14.26,-1.38,6.73,-0.57,-0.06,-0.00,11.77
2,17.68,-0.51,6.73,0.64,-0.28,-0.00,11.77
3,11.83,1.15,6.73,0.40,0.46,-0.00,11.77
4,15.17,2.08,6.73,-0.47,0.23,-0.00,11.77
0,10.93,-2.27,6.73,-0.14,0.15,-0.00,11.77
1,14.32,-1.34,6.73,0.54,0.33,-0.00,11.77
2,17.62,-0.50,6.73,-0.54,0.05,-0.00,11.77
3,11.80,1.12,6.73,-0.27,-0.36,-0.00,11.77
4,15.21,2.09,6.73,0.46,0.03,-0.00,11.77
0,10.97,-2.24,6.73,0.44,0.30,-0.00,11.77
1,14.30,-1.33,6.73,-0.15,0.14,-0.00,11.77
2,17.63,-0.49,6.73,0.06,0.20,-0.00,11.77
3,11.84,1.11,6.73,0.34,-0.09,-0.00,11.77
4,15.20,2.06,6.73,-0.08,-0.30,-0.00,11.77
0,10.92,-2.29,6.73,-0.49,-0.49,-0.00,11.77
1,14.34,-1.36,6.73,0.35,-0.34,-0.00,11.77
2,17.65,-0.46,6.73,0.25,0.25,-0.00,11.77
3,11.82,1.14,6.73,-0.18,0.31,-0.00,11.77
4,15.24,2.05,6.73,0.33,-0.09,-0.00,11.77
0,10.97,-2.26,6.73,0.45,0.31,-0.00,11.77
1,14.32,-1.35,6.73,-0.15,0.15,-0.00,11.77
2,17.67,-0.49,6.73,0.17,-0.31,-0.00,11.77
3,11.83,1.12,6.73,0.15,-0.15,-0.00,11.77
4,15.19,2.08,6.73,-0.44,0.33,-0.00,11.77
0,10.95,-2.25,6.73,-0.16,0.05,-0.00,11.77
1,14.31,-1.34,6.73,-0.08,0.08,-0.00,11.77
2,17.63,-0.48,6.73,-0.44,0.07,-0.00,11.77
3,11.82,1.15,6.73,-0.11,0.22,-0.00,11.77
4,15.18,2.05,6.73,-0.08,-0.30,-0.00,11.77
0,10.92,-2.26,6.73,-0.28,-0.08,-0.00,11.77
1,14.36,-1.32,6.73,0.50,0.23,-0.00,11.77
2,17.63,-0.46,6.73,0.06,0.20,-0.00,11.77
3,11.84,1.13,6.73,0.14,-0.15,-0.00,11.77
4,15.22,2.05,6.73,0.36,0.00,-0.00,11.77
0,10.95,-2.24,6.73,0.32,0.18,-0.00,11.77
1,14.28,-1.38,6.73,-0.80,-0.57,-0.00,11.77
2,17.68,-0.49,6.73,0.48,-0.23,-0.00,11.77
3,11.87,1.11,6.73,0.31,-0.19,-0.00,11.77
4,15.20,2.04,6.73,-0.22,-0.15,-0.00,11.77
0,10.92,-2.29,6.73,-0.30,-0.43,-0.00,11.77
1,14.33,-1.40,6.73,0.47,-0.23,-0.00,11.77
2,17.66,-0.48,6.73,-0.17,0.05,-0.00,11.77
3,11.81,1.18,6.73,-0.53,0.66,-0.00,11.77
4,15.24,2.02,6.73,0.41,-0.16,-0.00,11.77
0,10.96,-2.26,6.73,0.35,0.28,-0.00,11.77
1,14.28,-1.41,6.73,-0.56,-0.06,-0.00,11.77
2,17.73,-0.51,6.73,0.63,-0.28,-0.00,11.77
3,11.84,1.17,6.73,0.24,-0.13,-0.00,11.77
4,15.20,2.04,6.73,-0.37,0.26,-0.00,11.77
0,10.94,-2.25,6.73,-0.17,0.05,-0.00,11.77
1,14.33,-1.39,6.73,0.59,0.15,-0.00,11.77
2,17.67,-0.51,6.73,-0.54,0.05,-0.00,11.77
3,11.82,1.14,6.73,-0.24,-0.25,-0.00,11.77
4,15.19,2.01,6.73,-0.08,-0.30,-0.00,11.77
0,10.99,-2.22,6.73,0.44,0.30,-0.00,11.77
1,14.27,-1.40,6.73,-0.66,-0.08,-0.00,11.77
2,17.68,-0.49,6.73,0.05,0.20,-0.00,11.77
3,11.78,1.11,6.73,-0.33,-0.27,-0.00,11.77
4,15.24,2.01,6.73,0.43,-0.07,-0.00,11.77
0,10.94,-2.28,6.73,-0.42,-0.57,-0.00,11.77
1,14.33,-1.38,6.73,0.60,0.15,-0.00,11.77
2,17.68,-0.52,6.73,0.08,-0.33,-0.00,11.77
3,11.82,1.15,6.73,0.36,0.37,-0.00,11.77
4,15.18,2.02,6.73,-0.60,0.11,-0.00,11.77
0,10.97,-2.26,6.73,0.25,0.25,-0.00,11.77
1,14.27,-1.39,6.73,-0.56,-0.05,-0.00,11.77
2,17.69,-0.50,6.73,0.04,0.20,-0.00,11.77
3,11.84,1.13,6.73,0.22,-0.22,-0.00,11.77
4,15.21,2.01,6.73,0.34,-0.10,-0.00,11.77
0,10.95,-2.25,6.73,-0.17,0.05,-0.00,11.77
1,14.28,-1.37,6.73,0.06,0.20,-0.00,11.77
2,17.64,-0.50,6.73,-0.54,0.04,-0.00,11.77
3,11.88,1.16,6.73,0.36,0.36,-0.00,11.77
4,15.19,1.99,6.73,-0.15,-0.22,-0.00,11.77
0,10.94,-2.24,6.73,-0.14,0.14,-0.00,11.77
1,14.22,-1.43,6.73,-0.61,-0.61,-0.00,11.77
2,17.68,-0.52,6.73,0.47,-0.23,-0.00,11.77
3,11.81,1.17,6.73,-0.69,0.09,-0.00,11.77
4,15.21,2.07,6.73,0.15,0.83,-0.00,11.77
0,10.91,-2.23,6.73,-0.28,0.03,-0.00,11.77
1,14.27,-1.40,6.73,0.56,0.33,-0.00,11.77
2,17.66,-0.51,6.73,-0.17,0.05,-0.00,11.77
3,11.84,1.15,6.73,0.32,-0.20,-0.00,11.77
4,15.19,2.04,6.73,-0.18,-0.33,-0.00,11.77
0,10.89,-2.22,6.73,-0.14,0.15,-0.00,11.77
1,14.33,-1.37,6.73,0.61,0.25,-0.00,11.77
2,17.61,-0.51,6.73,-0.54,0.05,-0.00,11.77
3,11.81,1.12,6.73,-0.27,-0.35,-0.00,11.77
4,15.23,2.02,6.73,0.40,-0.17,-0.00,11.77
0,10.92,-2.25,6.73,0.29,-0.28,-0.00,11.77
1,14.27,-1.37,6.73,-0.65,0.02,-0.00,11.77
2,17.61,-0.55,6.73,-0.02,-0.37,-0.00,11.77
3,11.85,1.17,6.73,0.40,0.46,-0.00,11.77
4,15.17,2.03,6.73,-0.59,0.11,-0.00,11.77
0,10.91,-2.23,6.73,-0.14,0.15,-0.00,11.77
1,14.22,-1.37,6.73,-0.46,-0.02,-0.00,11.77
2,17.63,-0.52,6.73,0.25,0.25,-0.00,11.77
3,11.81,1.14,6.73,-0.45,-0.30,-0.00,11.77
4,15.23,2.03,6.73,0.54,-0.05,-0.00,11.77
0,10.93,-2.26,6.73,0.19,-0.31,-0.00,11.77
1,14.31,-1.39,6.73,0.87,-0.13,-0.00,11.77
2,17.60,-0.52,6.73,-0.37,-0.00,-0.00,11.77
3,11.83,1.13,6.73,0.27,-0.02,-0.00,11.77
4,15.20,2.00,6.73,-0.25,-0.25,-0.00,11.77
0,10.92,-2.25,6.73,-0.13,0.15,-0.00,11.77
1,14.31,-1.38,6.73,0.01,0.09,-0.00,11.77
2,17.66,-0.55,6.73,0.65,-0.28,-0.00,11.77
3,11.86,1.11,6.73,0.21,-0.22,-0.00,11.77
4,15.15,2.01,6.73,-0.49,0.14,-0.00,11.77
0,10.94,-2.28,6.73,0.29,-0.28,-0.00,11.77
1,14.27,-1.47,6.73,-0.36,-0.98,-0.00,11.77
2,17.71,-0.54,6.73,0.49,0.12,-0.00,11.77
3,11.84,1.14,6.73,-0.19,0.29,-0.00,11.77
4,15.21,2.06,6.73,0.56,0.42,-0.00,11.77
0,10.93,-2.26,6.73,-0.15,0.16,-0.00,11.77
1,14.32,-1.44,6.73,0.45,0.30,-0.00,11.77
2,17.67,-0.54,6.73,-0.37,-0.00,-0.00,11.77
3,11.81,1.10,6.73,-0.26,-0.35,-0.00,11.77
4,15.24,2.05,6.73,0.33,-0.10,-0.00,11.77
0,10.91,-2.25,6.73,-0.16,0.06,-0.00,11.77
1,14.36,-1.42,6.73,0.41,0.19,-0.00,11.77
2,17.68,-0.53,6.73,0.11,0.13,-0.00,11.77
3,11.84,1.10,6.73,0.34,-0.09,-0.00,11.77
4,15.22,2.01,6.73,-0.18,-0.33,-0.00,11.77
0,10.96,-2.24,6.73,0.42,0.20,-0.00,11.77
1,14.30,-1.43,6.73,-0.56,-0.06,-0.00,11.77
2,17.65,-0.53,6.73,-0.37,-0.00,-0.00,11.77
3,11.81,1.13,6.73,-0.34,0.35,-0.00,11.77
4,15.25,2.00,6.73,0.33,-0.10,-0.00,11.77
0,10.94,-2.23,6.73,-0.17,0.06,-0.00,11.77
1,14.30,-1.41,6.73,-0.05,0.17,-0.00,11.77
2,17.69,-0.55,6.73,0.46,-0.23,-0.00,11.77
3,11.84,1.17,6.73,0.30,0.43,-0.00,11.77
4,15.20,2.01,6.73,-0.60,0.11,-0.00,11.77
0,10.93,-2.21,6.73,-0.14,0.15,-0.00,11.77
1,14.35,-1.38,6.73,0.54,0.32,-0.00,11.77
2,17.65,-0.54,6.73,-0.44,0.08,-0.00,11.77
3,11.81,1.14,6.73,-0.27,-0.35,-0.00,11.77
4,15.24,2.00,6.73,0.41,-0.18,-0.00,11.77
0,10.96,-2.21,6.73,0.30,0.07,-0.00,11.77
1,14.27,-1.44,6.73,-0.80,-0.56,-0.00,11.77
2,17.66,-0.52,6.73,0.06,0.20,-0.00,11.77
3,11.84,1.18,6.73,0.30,0.43,-0.00,11.77
4,15.22,1.98,6.73,-0.13,-0.12,-0.00,11.77
0,10.94,-2.19,6.73,-0.15,0.15,-0.00,11.77
1,14.33,-1.40,6.73,0.55,0.32,-0.00,11.77
2,17.64,-0.56,6.73,-0.12,-0.38,-0.00,11.77
3,11.80,1.16,6.73,-0.41,-0.19,-0.00,11.77
4,15.22,2.01,6.73,-0.01,0.25,-0.00,11.77
0,10.94,-2.23,6.73,0.00,-0.36,-0.00,11.77
1,14.32,-1.39,6.73,-0.06,0.16,-0.00,11.77
2,17.65,-0.54,6.73,0.06,0.20,-0.00,11.77
3,11.85,1.20,6.73,0.47,0.38,-0.00,11.77
4,15.22,2.00,6.73,-0.03,-0.10,-0.00,11.77
0,10.91,-2.22,6.73,-0.26,0.03,-0.00,11.77
1,14.32,-1.38,6.73,-0.08,0.07,-0.00,11.77
2,17.66,-0.52,6.73,0.06,0.20,-0.00,11.77
3,11.82,1.17,6.73,-0.27,-0.34,-0.00,11.77
4,15.27,1.99,6.73,0.53,-0.06,-0.00,11.77
0,10.96,-2.19,6.73,0.45,0.30,-0.00,11.77
1,14.25,-1.38,6.73,-0.63,0.02,-0.00,11.77
2,17.70,-0.54,6.73,0.47,-0.24,-0.00,11.77
3,11.85,1.16,6.73,0.24,-0.12,-0.00,11.77
4,15.22,2.01,6.73,-0.57,0.22,-0.00,11.77
0,10.94,-2.19,6.73,-0.18,0.05,-0.00,11.77
1,14.30,-1.41,6.73,0.44,-0.33,-0.00,11.77
2,17.65,-0.54,6.73,-0.54,0.05,-0.00,11.77
3,11.78,1.23,6.73,-0.69,0.72,-0.00,11.77
4,15.25,2.01,6.73,0.33,-0.10,-0.00,11.77
0,10.91,-2.18,6.73,-0.34,0.11,-0.00,11.77
1,14.34,-1.39,6.73,0.42,0.19,-0.00,11.77
2,17.71,-0.57,6.73,0.63,-0.28,-0.00,11.77
3,11.79,1.22,6.73,0.17,-0.05,-0.00,11.77
4,15.19,2.02,6.73,-0.59,0.11,-0.00,11.77
0,10.95,-2.16,6.73,0.42,0.19,-0.00,11.77
1,14.28,-1.39,6.73,-0.63,0.03,-0.00,11.77
2,17.71,-0.55,6.73,0.04,0.20,-0.00,11.77
3,11.77,1.20,6.73,-0.24,-0.24,-0.00,11.77
4,15.24,2.01,6.73,0.53,-0.06,-0.00,11.77
0,10.97,-2.19,6.73,0.20,-0.32,-0.00,11.77
1,14.34,-1.37,6.73,0.63,0.24,-0.00,11.77
2,17.66,-0.54,6.73,-0.54,0.05,-0.00,11.77
3,11.80,1.24,6.73,0.29,0.44,-0.00,11.77
4,15.23,1.99,6.73,-0.15,-0.22,-0.00,11.77
0,10.96,-2.18,6.73,-0.14,0.15,-0.00,11.77
1,14.32,-1.41,6.73,-0.21,-0.41,-0.00,11.77
2,17.69,-0.53,6.73,0.30,0.07,-0.00,11.77
3,11.82,1.23,6.73,0.25,-0.13,-0.00,11.77
4,15.22,2.01,6.73,-0.03,0.26,-0.00,11.77
0,10.94,-2.16,6.73,-0.14,0.16,-0.00,11.77
1,14.31,-1.40,6.73,-0.06,0.06,-0.00,11.77
2,17.69,-0.51,6.73,0.04,0.20,-0.00,11.77
3,11.78,1.20,6.73,-0.44,-0.29,-0.00,11.77
4,15.27,2.01,6.73,0.43,-0.08,-0.00,11.77
0,10.95,-2.20,6.73,0.08,-0.44,-0.00,11.77
1,14.31,-1.38,6.73,-0.03,0.16,-0.00,11.77
2,17.76,-0.53,6.73,0.65,-0.18,-0.00,11.77
3,11.83,1.24,6.73,0.47,0.38,-0.00,11.77
4,15.24,1.98,6.73,-0.26,-0.24,-0.00,11.77
0,10.97,-2.19,6.73,0.22,0.15,-0.00,11.77
1,14.30,-1.43,6.73,-0.03,-0.45,-0.00,11.77
2,17.73,-0.54,6.73,-0.30,-0.07,-0.00,11.77
3,11.84,1.23,6.73,0.07,-0.08,-0.00,11.77
4,15.28,1.97,6.73,0.43,-0.09,-0.00,11.77
0,11.01,-2.16,6.73,0.35,0.27,-0.00,11.77
1,14.37,-1.41,6.73,0.63,0.24,-0.00,11.77
2,17.70,-0.53,6.73,-0.24,0.12,-0.00,11.77
3,11.87,1.21,6.73,0.32,-0.21,-0.00,11.77
4,15.28,1.95,6.73,-0.05,-0.19,-0.00,11.77
0,11.03,-2.19,6.73,0.20,-0.31,-0.00,11.77
1,14.35,-1.45,6.73,-0.20,-0.42,-0.00,11.77
2,17.75,-0.55,6.73,0.47,-0.23,-0.00,11.77
3,11.84,1.19,6.73,-0.24,-0.23,-0.00,11.77
4,15.28,1.99,6.73,0.01,0.34,-0.00,11.77
0,11.01,-2.19,6.73,-0.18,0.06,-0.00,11.77
1,14.39,-1.43,6.73,0.43,0.19,-0.00,11.77
2,17.73,-0.54,6.73,-0.17,0.05,-0.00,11.77
3,11.86,1.23,6.73,0.19,0.41,-0.00,11.77
4,15.26,1.96,6.73,-0.18,-0.32,-0.00,11.77
0,11.04,-2.16,6.73,0.35,0.27,-0.00,11.77
1,14.37,-1.47,6.73,-0.19,-0.42,-0.00,11.77
2,17.76,-0.53,6.73,0.22,0.15,-0.00,11.77
3,11.83,1.20,6.73,-0.34,-0.26,-0.00,11.77
4,15.33,2.01,6.73,0.68,0.51,-0.00,11.77
0,11.01,-2.17,6.73,-0.31,-0.06,-0.00,11.77
1,14.43,-1.44,6.73,0.56,0.31,-0.00,11.77
2,17.70,-0.52,6.73,-0.54,0.05,-0.00,11.77
3,11.86,1.19,6.73,0.35,-0.10,-0.00,11.77
4,15.31,1.98,6.73,-0.26,-0.25,-0.00,11.77
0,10.99,-2.16,6.73,-0.16,0.07,-0.00,11.77
1,14.37,-1.44,6.73,-0.54,0.04,-0.00,11.77
2,17.79,-0.55,6.73,0.84,-0.22,-0.00,11.77
3,11.91,1.23,6.73,0.47,0.38,-0.00,11.77
4,15.25,1.99,6.73,-0.60,0.12,-0.00,11.77
0,11.03,-2.13,6.73,0.35,0.27,-0.00,11.77
1,14.38,-1.42,6.73,0.05,0.20,-0.00,11.77
2,17.77,-0.54,6.73,-0.17,0.05,-0.00,11.77
3,11.86,1.20,6.73,-0.45,-0.29,-0.00,11.77
4,15.29,2.01,6.73,0.50,0.11,-0.00,11.77
0,11.00,-2.18,6.73,-0.30,-0.43,-0.00,11.77
1,14.44,-1.39,6.73,0.62,0.23,-0.00,11.77
2,17.73,-0.53,6.73,-0.34,0.10,-0.00,11.77
3,11.91,1.24,6.73,0.47,0.39,-0.00,11.77
4,15.27,1.98,6.73,-0.25,-0.24,-0.00,11.77
0,11.03,-2.16,6.73,0.32,0.17,-0.00,11.77
1,14.37,-1.45,6.73,-0.69,-0.54,-0.00,11.77
2,17.77,-0.51,6.73,0.33,0.18,-0.00,11.77
3,11.86,1.23,6.73,-0.49,-0.11,-0.00,11.77
4,15.34,2.03,6.73,0.68,0.52,-0.00,11.77
0,11.05,-2.19,6.73,0.20,-0.31,-0.00,11.77
1,14.42,-1.42,6.73,0.45,0.29,-0.00,11.77
2,17.74,-0.50,6.73,-0.24,0.12,-0.00,11.77
3,11.88,1.28,6.73,0.22,0.50,-0.00,11.77
4,15.32,2.01,6.73,-0.16,-0.22,-0.00,11.77
0,11.04,-2.18,6.73,-0.15,0.16,-0.00,11.77
1,14.41,-1.40,6.73,-0.05,0.18,-0.00,11.77
2,17.79,-0.52,6.73,0.46,-0.22,-0.00,11.77
3,11.92,1.27,6.73,0.35,-0.11,-0.00,11.77
4,15.28,2.03,6.73,-0.47,0.23,-0.00,11.77
0,11.01,-2.17,6.73,-0.27,0.04,-0.00,11.77
1,14.41,-1.38,6.73,-0.04,0.17,-0.00,11.77
2,17.79,-0.50,6.73,0.04,0.20,-0.00,11.77
3,11.89,1.24,6.73,-0.25,-0.24,-0.00,11.77
4,15.32,2.02,6.73,0.42,-0.19,-0.00,11.77
0,11.03,-2.15,6.73,0.15,0.22,-0.00,11.77
1,14.40,-1.37,6.73,-0.04,0.16,-0.00,11.77
2,17.80,-0.48,6.73,0.04,0.20,-0.00,11.77
3,11.93,1.22,6.73,0.32,-0.20,-0.00,11.77
4,15.30,1.98,6.73,-0.18,-0.32,-0.00,11.77
0,10.98,-2.20,6.73,-0.42,-0.54,-0.00,11.77
1,14.44,-1.35,6.73,0.41,0.19,-0.00,11.77
2,17.74,-0.48,6.73,-0.54,0.05,-0.00,11.77
3,11.91,1.25,6.73,-0.12,0.24,-0.00,11.77
4,15.29,1.96,6.73,-0.05,-0.19,-0.00,11.77
0,11.03,-2.17,6.73,0.45,0.30,-0.00,11.77
1,14.38,-1.41,6.73,-0.62,-0.62,-0.00,11.77
2,17.76,-0.51,6.73,0.19,-0.30,-0.00,11.77
3,11.87,1.22,6.73,-0.44,-0.28,-0.00,11.77
4,15.32,2.06,6.73,0.26,0.95,-0.00,11.77
0,11.00,-2.22,6.73,-0.29,-0.42,-0.00,11.77
1,14.33,-1.41,6.73,-0.52,0.05,-0.00,11.77
2,17.78,-0.48,6.73,0.23,0.25,-0.00,11.77
3,11.90,1.26,6.73,0.29,0.43,-0.00,11.77
4,15.31,2.04,6.73,-0.15,-0.22,-0.00,11.77
0,10.97,-2.21,6.73,-0.34,0.11,-0.00,11.77
1,14.39,-1.38,6.73,0.62,0.25,-0.00,11.77
2,17.74,-0.48,6.73,-0.47,-0.03,-0.00,11.77
3,11.87,1.23,6.73,-0.27,-0.34,-0.00,11.77
4,15.30,2.01,6.73,-0.08,-0.30,-0.00,11.77
0,11.00,-2.19,6.73,0.32,0.17,-0.00,11.77
1,14.33,-1.39,6.73,-0.66,-0.08,-0.00,11.77
2,17.75,-0.47,6.73,0.11,0.13,-0.00,11.77
3,11.88,1.22,6.73,0.07,-0.08,-0.00,11.77
4,15.28,2.00,6.73,-0.13,-0.12,-0.00,11.77
0,10.98,-2.17,6.73,-0.15,0.15,-0.00,11.77
1,14.37,-1.36,6.73,0.45,0.29,-0.00,11.77
2,17.74,-0.51,6.73,-0.12,-0.38,-0.00,11.77
3,11.85,1.19,6.73,-0.27,-0.33,-0.00,11.77
4,15.32,1.98,6.73,0.33,-0.11,-0.00,11.77
0,10.97,-2.17,6.73,-0.16,0.05,-0.00,11.77
1,14.36,-1.41,6.73,-0.14,-0.49,-0.00,11.77
2,17.75,-0.50,6.73,0.12,0.12,-0.00,11.77
3,11.90,1.22,6.73,0.47,0.38,-0.00,11.77
4,15.27,2.05,6.73,-0.44,0.69,-0.00,11.77
0,10.95,-2.15,6.73,-0.14,0.16,-0.00,11.77
1,14.41,-1.38,6.73,0.54,0.31,-0.00,11.77
2,17.71,-0.49,6.73,-0.34,0.10,-0.00,11.77
3,11.91,1.21,6.73,0.14,-0.15,-0.00,11.77
4,15.31,2.04,6.73,0.33,-0.11,-0.00,11.77
0,10.97,-2.19,6.73,0.16,-0.40,-0.00,11.77
1,14.36,-1.37,6.73,-0.54,0.04,-0.00,11.77
2,17.76,-0.51,6.73,0.47,-0.22,-0.00,11.77
3,11.89,1.19,6.73,-0.24,-0.24,-0.00,11.77
4,15.31,2.07,6.73,-0.01,0.25,-0.00,11.77
0,11.01,-2.16,6.73,0.35,0.27,-0.00,11.77
1,14.41,-1.34,6.73,0.54,0.32,-0.00,11.77
2,17.71,-0.50,6.73,-0.54,0.05,-0.00,11.77
3,11.92,1.18,6.73,0.34,-0.10,-0.00,11.77
4,15.28,2.04,6.73,-0.25,-0.25,-0.00,11.77
0,11.00,-2.21,6.73,-0.03,-0.46,-0.00,11.77
1,14.34,-1.39,6.73,-0.69,-0.53,-0.00,11.77
2,17.74,-0.50,6.73,0.30,0.08,-0.00,11.77
3,11.90,1.20,6.73,-0.28,0.28,-0.00,11.77
4,15.33,2.09,6.73,0.48,0.48,-0.00,11.77
0,10.99,-2.19,6.73,-0.14,0.15,-0.00,11.77
1,14.36,-1.38,6.73,0.13,0.13,-0.00,11.77
2,17.68,-0.49,6.73,-0.54,0.05,-0.00,11.77
3,11.93,1.18,6.73,0.32,-0.20,-0.00,11.77
4,15.31,2.06,6.73,-0.18,-0.33,-0.00,11.77
0,10.96,-2.19,6.73,-0.26,0.03,-0.00,11.77
1,14.35,-1.37,6.73,-0.07,0.06,-0.00,11.77
2,17.72,-0.53,6.73,0.34,-0.36,-0.00,11.77
3,11.90,1.15,6.73,-0.27,-0.35,-0.00,11.77
4,15.31,2.09,6.73,-0.01,0.26,-0.00,11.77
0,10.93,-2.23,6.73,-0.29,-0.42,-0.00,11.77
1,14.34,-1.36,6.73,-0.04,0.17,-0.00,11.77
2,17.69,-0.53,6.73,-0.27,0.03,-0.00,11.77
3,11.94,1.20,6.73,0.40,0.46,-0.00,11.77
4,15.29,2.05,6.73,-0.18,-0.33,-0.00,11.77
0,10.97,-2.22,6.73,0.33,0.18,-0.00,11.77
1,14.34,-1.35,6.73,-0.07,0.07,-0.00,11.77
2,17.70,-0.51,6.73,0.05,0.20,-0.00,11.77
3,11.95,1.18,6.73,0.04,-0.17,-0.00,11.77
4,15.27,2.03,6.73,-0.15,-0.22,-0.00,11.77
0,10.94,-2.21,6.73,-0.26,0.03,-0.00,11.77
1,14.37,-1.38,6.73,0.37,-0.26,-0.00,11.77
2,17.70,-0.49,6.73,0.05,0.20,-0.00,11.77
3,11.88,1.19,6.73,-0.69,0.09,-0.00,11.77
4,15.32,2.01,6.73,0.41,-0.17,-0.00,11.77
0,10.97,-2.19,6.73,0.26,0.25,-0.00,11.77
1,14.36,-1.36,6.73,-0.15,0.15,-0.00,11.77
2,17.77,-0.51,6.73,0.64,-0.28,-0.00,11.77
3,11.91,1.17,6.73,0.32,-0.20,-0.00,11.77
4,15.25,2.02,6.73,-0.60,0.12,-0.00,11.77
0,10.98,-2.22,6.73,0.19,-0.31,-0.00,11.77
1,14.36,-1.34,6.73,0.05,0.20,-0.00,11.77
2,17.71,-0.51,6.73,-0.54,0.05,-0.00,11.77
3,11.90,1.19,6.73,-0.11,0.23,-0.00,11.77
4,15.24,2.00,6.73,-0.15,-0.22,-0.00,11.77
0,10.95,-2.21,6.73,-0.33,0.10,-0.00,11.77
1,14.30,-1.40,6.73,-0.69,-0.53,-0.00,11.77
2,17.72,-0.49,6.73,0.05,0.19,-0.00,11.77
3,11.86,1.16,6.73,-0.35,-0.27,-0.00,11.77
4,15.30,2.04,6.73,0.57,0.41,-0.00,11.77
0,10.90,-2.26,6.73,-0.49,-0.47,-0.00,11.77
1,14.35,-1.37,6.73,0.52,0.22,-0.00,11.77
2,17.68,-0.49,6.73,-0.37,-0.00,-0.00,11.77
3,11.89,1.21,6.73,0.30,0.43,-0.00,11.77
4,15.28,2.02,6.73,-0.16,-0.22,-0.00,11.77
0,10.91,-2.25,6.73,0.13,0.12,-0.00,11.77
1,14.28,-1.37,6.73,-0.63,0.02,-0.00,11.77
2,17.71,-0.48,6.73,0.29,0.08,-0.00,11.77
3,11.85,1.18,6.73,-0.44,-0.29,-0.00,11.77
4,15.28,2.05,6.73,-0.02,0.25,-0.00,11.77
0,10.95,-2.22,6.73,0.35,0.28,-0.00,11.77
1,14.33,-1.34,6.73,0.44,0.30,-0.00,11.77
2,17.67,-0.47,6.73,-0.34,0.10,-0.00,11.77
3,11.86,1.16,6.73,0.14,-0.15,-0.00,11.77
4,15.27,2.02,6.73,-0.09,-0.30,-0.00,11.77
0,10.93,-2.21,6.73,-0.16,0.05,-0.00,11.77
1,14.32,-1.33,6.73,-0.08,0.07,-0.00,11.77
2,17.67,-0.51,6.73,-0.02,-0.36,-0.00,11.77
3,11.89,1.14,6.73,0.31,-0.19,-0.00,11.77
4,15.21,2.04,6.73,-0.57,0.21,-0.00,11.77
0,10.90,-2.26,6.73,-0.29,-0.43,-0.00,11.77
1,14.39,-1.41,6.73,0.70,-0.71,-0.00,11.77
2,17.68,-0.49,6.73,0.05,0.19,-0.00,11.77
3,11.84,1.21,6.73,-0.53,0.65,-0.00,11.77
4,15.28,2.09,6.73,0.69,0.54,-0.00,11.77
0,10.95,-2.22,6.73,0.45,0.30,-0.00,11.77
1,14.33,-1.40,6.73,-0.64,0.02,-0.00,11.77
2,17.72,-0.47,6.73,0.42,0.21,-0.00,11.77
3,11.87,1.19,6.73,0.32,-0.20,-0.00,11.77
4,15.26,2.06,6.73,-0.18,-0.33,-0.00,11.77
0,10.94,-2.21,6.73,-0.13,0.16,-0.00,11.77
1,14.37,-1.37,6.73,0.44,0.29,-0.00,11.77
2,17.68,-0.47,6.73,-0.37,-0.00,-0.00,11.77
3,11.90,1.18,6.73,0.24,-0.12,-0.00,11.77
4,15.25,2.04,6.73,-0.15,-0.22,-0.00,11.77
0,10.96,-2.18,6.73,0.25,0.25,-0.00,11.77
1,14.32,-1.38,6.73,-0.46,-0.03,-0.00,11.77
2,17.75,-0.49,6.73,0.66,-0.17,-0.00,11.77
3,11.87,1.14,6.73,-0.27,-0.35,-0.00,11.77
4,15.25,2.06,6.73,-0.01,0.26,-0.00,11.77
0,10.92,-2.24,6.73,-0.42,-0.55,-0.00,11.77
1,14.38,-1.36,6.73,0.52,0.22,-0.00,11.77
2,17.72,-0.47,6.73,-0.24,0.12,-0.00,11.77
3,11.90,1.18,6.73,0.30,0.44,-0.00,11.77
4,15.24,2.04,6.73,-0.05,-0.20,-0.00,11.77
0,10.97,-2.21,6.73,0.45,0.30,-0.00,11.77
1,14.36,-1.34,6.73,-0.15,0.15,-0.00,11.77
2,17.75,-0.46,6.73,0.21,0.15,-0.00,11.77
3,11.87,1.15,6.73,-0.27,-0.35,-0.00,11.77
4,15.30,2.04,6.73,0.53,-0.05,-0.00,11.77
0,11.00,-2.19,6.73,0.32,0.17,-0.00,11.77
1,14.30,-1.34,6.73,-0.62,0.02,-0.00,11.77
2,17.79,-0.48,6.73,0.45,-0.23,-0.00,11.77
3,11.92,1.19,6.73,0.47,0.39,-0.00,11.77
4,15.24,2.05,6.73,-0.60,0.10,-0.00,11.77
0,10.98,-2.18,6.73,-0.15,0.14,-0.00,11.77
1,14.36,-1.31,6.73,0.62,0.25,-0.00,11.77
2,17.76,-0.47,6.73,-0.35,0.10,-0.00,11.77
3,11.83,1.20,6.73,-0.86,0.14,-0.00,11.77
4,15.28,2.03,6.73,0.42,-0.17,-0.00,11.77
0,10.96,-2.22,6.73,-0.28,-0.43,-0.00,11.77
1,14.39,-1.34,6.73,0.27,-0.29,-0.00,11.77
2,17.78,-0.45,6.73,0.23,0.24,-0.00,11.77
3,11.88,1.24,6.73,0.47,0.38,-0.00,11.77
4,15.27,2.06,6.73,-0.02,0.26,-0.00,11.77
0,10.98,-2.20,6.73,0.25,0.25,-0.00,11.77
1,14.38,-1.34,6.73,-0.07,0.08,-0.00,11.77
2,17.75,-0.44,6.73,-0.34,0.10,-0.00,11.77
3,11.85,1.21,6.73,-0.26,-0.34,-0.00,11.77
4,15.27,2.03,6.73,-0.08,-0.30,-0.00,11.77
0,11.00,-2.17,6.73,0.15,0.22,-0.00,11.77
1,14.30,-1.39,6.73,-0.78,-0.56,-0.00,11.77
2,17.81,-0.47,6.73,0.63,-0.27,-0.00,11.77
3,11.89,1.19,6.73,0.32,-0.20,-0.00,11.77
4,15.22,2.09,6.73,-0.45,0.68,-0.00,11.77
0,10.97,-2.22,6.73,-0.31,-0.43,-0.00,11.77
1,14.32,-1.38,6.73,0.13,0.13,-0.00,11.77
2,17.76,-0.47,6.73,-0.47,-0.03,-0.00,11.77
3,11.85,1.22,6.73,-0.36,0.35,-0.00,11.77
4,15.26,2.08,6.73,0.41,-0.17,-0.00,11.77
0,10.93,-2.21,6.73,-0.34,0.10,-0.00,11.77
1,14.37,-1.35,6.73,0.54,0.32,-0.00,11.77
2,17.72,-0.47,6.73,-0.37,-0.00,-0.00,11.77
3,11.87,1.20,6.73,0.22,-0.23,-0.00,11.77
4,15.25,2.05,6.73,-0.18,-0.33,-0.00,11.77
0,10.98,-2.18,6.73,0.45,0.30,-0.00,11.77
1,14.31,-1.34,6.73,-0.63,0.02,-0.00,11.77
2,17.75,-0.45,6.73,0.21,0.15,-0.00,11.77
3,11.85,1.16,6.73,-0.27,-0.34,-0.00,11.77
4,15.24,2.03,6.73,-0.05,-0.20,-0.00,11.77
0,11.00,-2.21,6.73,0.20,-0.31,-0.00,11.77
1,14.35,-1.37,6.73,0.39,-0.25,-0.00,11.77
2,17.72,-0.44,6.73,-0.25,0.12,-0.00,11.77
3,11.88,1.16,6.73,0.34,-0.10,-0.00,11.77
4,15.24,2.05,6.73,-0.02,0.26,-0.00,11.77
0,10.98,-2.20,6.73,-0.17,0.05,-0.00,11.77
1,14.39,-1.34,6.73,0.44,0.30,-0.00,11.77
2,17.67,-0.44,6.73,-0.54,0.04,-0.00,11.77
3,11.87,1.18,6.73,-0.11,0.23,-0.00,11.77
4,15.29,2.06,6.73,0.48,0.13,-0.00,11.77
0,11.01,-2.23,6.73,0.29,-0.28,-0.00,11.77
1,14.33,-1.34,6.73,-0.64,0.01,-0.00,11.77
2,17.68,-0.48,6.73,0.15,-0.42,-0.00,11.77
3,11.92,1.22,6.73,0.47,0.38,-0.00,11.77
4,15.23,2.08,6.73,-0.60,0.11,-0.00,11.77
0,10.97,-2.22,6.73,-0.34,0.09,-0.00,11.77
1,14.32,-1.32,6.73,-0.04,0.18,-0.00,11.77
2,17.64,-0.47,6.73,-0.43,0.07,-0.00,11.77
3,11.89,1.18,6.73,-0.28,-0.35,-0.00,11.77
4,15.28,2.08,6.73,0.56,0.05,-0.00,11.77
0,10.94,-2.22,6.73,-0.36,-0.00,-0.00,11.77
1,14.41,-1.33,6.73,0.86,-0.13,-0.00,11.77
2,17.69,-0.50,6.73,0.47,-0.24,-0.00,11.77
3,11.88,1.20,6.73,-0.11,0.23,-0.00,11.77
4,15.23,2.09,6.73,-0.49,0.14,-0.00,11.77
0,10.97,-2.20,6.73,0.33,0.18,-0.00,11.77
1,14.34,-1.33,6.73,-0.65,0.02,-0.00,11.77
2,17.70,-0.48,6.73,0.13,0.13,-0.00,11.77
3,11.85,1.17,6.73,-0.27,-0.35,-0.00,11.77
4,15.27,2.08,6.73,0.40,-0.17,-0.00,11.77
0,10.94,-2.25,6.73,-0.28,-0.43,-0.00,11.77
1,14.29,-1.34,6.73,-0.56,-0.05,-0.00,11.77
2,17.72,-0.46,6.73,0.24,0.25,-0.00,11.77
3,11.88,1.21,6.73,0.30,0.43,-0.00,11.77
4,15.26,2.06,6.73,-0.13,-0.13,-0.00,11.77
0,10.93,-2.23,6.73,-0.13,0.15,-0.00,11.77
1,14.34,-1.30,6.73,0.54,0.33,-0.00,11.77
2,17.69,-0.45,6.73,-0.34,0.10,-0.00,11.77
3,11.85,1.18,6.73,-0.27,-0.35,-0.00,11.77
4,15.30,2.06,6.73,0.43,-0.08,-0.00,11.77
0,10.94,-2.22,6.73,0.13,0.13,-0.00,11.77
1,14.27,-1.31,6.73,-0.66,-0.08,-0.00,11.77
2,17.75,-0.48,6.73,0.63,-0.29,-0.00,11.77
3,11.89,1.16,6.73,0.32,-0.19,-0.00,11.77
4,15.27,2.09,6.73,-0.35,0.36,-0.00,11.77
0,10.97,-2.20,6.73,0.23,0.15,-0.00,11.77
1,14.36,-1.32,6.73,0.87,-0.13,-0.00,11.77
2,17.70,-0.47,6.73,-0.54,0.05,-0.00,11.77
3,11.87,1.18,6.73,-0.11,0.24,-0.00,11.77
4,15.25,2.08,6.73,-0.22,-0.15,-0.00,11.77
0,11.00,-2.18,6.73,0.35,0.27,-0.00,11.77
1,14.31,-1.33,6.73,-0.56,-0.05,-0.00,11.77
2,17.71,-0.46,6.73,0.12,0.12,-0.00,11.77
3,11.85,1.15,6.73,-0.26,-0.35,-0.00,11.77
4,15.25,2.06,6.73,0.05,-0.17,-0.00,11.77
0,10.95,-2.23,6.73,-0.50,-0.49,-0.00,11.77
1,14.34,-1.35,6.73,0.38,-0.25,-0.00,11.77
2,17.66,-0.47,6.73,-0.47,-0.03,-0.00,11.77
3,11.84,1.24,6.73,-0.12,0.87,-0.00,11.77
4,15.23,2.04,6.73,-0.25,-0.25,-0.00,11.77
0,10.99,-2.20,6.73,0.45,0.30,-0.00,11.77
1,14.33,-1.34,6.73,-0.15,0.15,-0.00,11.77
2,17.71,-0.49,6.73,0.47,-0.23,-0.00,11.77
3,11.86,1.21,6.73,0.22,-0.23,-0.00,11.77
4,15.23,2.06,6.73,-0.01,0.25,-0.00,11.77
0,11.03,-2.17,6.73,0.34,0.27,-0.00,11.77
1,14.37,-1.32,6.73,0.42,0.20,-0.00,11.77
2,17.73,-0.46,6.73,0.24,0.24,-0.00,11.77
3,11.81,1.18,6.73,-0.44,-0.30,-0.00,11.77
4,15.27,2.04,6.73,0.41,-0.18,-0.00,11.77
0,11.00,-2.21,6.73,-0.28,-0.44,-0.00,11.77
1,14.35,-1.36,6.73,-0.20,-0.41,-0.00,11.77
2,17.74,-0.44,6.73,0.04,0.19,-0.00,11.77
3,11.86,1.22,6.73,0.46,0.40,-0.00,11.77
4,15.25,2.02,6.73,-0.15,-0.22,-0.00,11.77
0,10.97,-2.20,6.73,-0.34,0.10,-0.00,11.77
1,14.39,-1.38,6.73,0.39,-0.25,-0.00,11.77
2,17.69,-0.45,6.73,-0.47,-0.03,-0.00,11.77
3,11.81,1.20,6.73,-0.51,-0.21,-0.00,11.77
4,15.31,2.06,6.73,0.56,0.40,-0.00,11.77
0,11.01,-2.17,6.73,0.45,0.30,-0.00,11.77
1,14.33,-1.39,6.73,-0.56,-0.06,-0.00,11.77
2,17.72,-0.43,6.73,0.32,0.19,-0.00,11.77
3,11.84,1.18,6.73,0.32,-0.20,-0.00,11.77
4,15.25,2.07,6.73,-0.60,0.11,-0.00,11.77
0,10.98,-2.22,6.73,-0.30,-0.43,-0.00,11.77
1,14.39,-1.37,6.73,0.52,0.22,-0.00,11.77
2,17.67,-0.42,6.73,-0.54,0.04,-0.00,11.77
3,11.88,1.23,6.73,0.39,0.47,-0.00,11.77
4,15.23,2.05,6.73,-0.15,-0.22,-0.00,11.77
0,11.02,-2.20,6.73,0.42,0.20,-0.00,11.77
1,14.32,-1.37,6.73,-0.64,0.01,-0.00,11.77
2,17.74,-0.44,6.73,0.67,-0.17,-0.00,11.77
3,11.84,1.21,6.73,-0.42,-0.20,-0.00,11.77
4,15.23,2.08,6.73,0.01,0.35,-0.00,11.77
0,11.01,-2.19,6.73,-0.18,0.05,-0.00,11.77
1,14.38,-1.34,6.73,0.55,0.33,-0.00,11.77
2,17.70,-0.43,6.73,-0.34,0.09,-0.00,11.77
3,11.86,1.20,6.73,0.25,-0.12,-0.00,11.77
4,15.23,2.05,6.73,-0.08,-0.30,-0.00,11.77
0,10.99,-2.18,6.73,-0.16,0.05,-0.00,11.77
1,14.36,-1.38,6.73,-0.20,-0.42,-0.00,11.77
2,17.71,-0.42,6.73,0.12,0.13,-0.00,11.77
3,11.90,1.23,6.73,0.36,0.36,-0.00,11.77
4,15.28,2.10,6.73,0.55,0.41,-0.00,11.77
0,11.00,-2.16,6.73,0.15,0.22,-0.00,11.77
1,14.30,-1.37,6.73,-0.52,0.04,-0.00,11.77
2,17.73,-0.45,6.73,0.17,-0.31,-0.00,11.77
3,11.87,1.22,6.73,-0.31,-0.17,-0.00,11.77
4,15.28,2.12,6.73,-0.02,0.25,-0.00,11.77
0,10.97,-2.20,6.73,-0.30,-0.43,-0.00,11.77
1,14.36,-1.34,6.73,0.56,0.32,-0.00,11.77
2,17.71,-0.45,6.73,-0.27,0.02,-0.00,11.77
3,11.92,1.25,6.73,0.46,0.38,-0.00,11.77
4,15.27,2.10,6.73,-0.06,-0.20,-0.00,11.77
0,10.98,-2.19,6.73,0.03,0.10,-0.00,11.77
1,14.36,-1.32,6.73,-0.05,0.17,-0.00,11.77
2,17.73,-0.42,6.73,0.24,0.25,-0.00,11.77
3,11.89,1.22,6.73,-0.27,-0.35,-0.00,11.77
4,15.31,2.09,6.73,0.33,-0.10,-0.00,11.77
0,10.96,-2.18,6.73,-0.13,0.15,-0.00,11.77
1,14.40,-1.29,6.73,0.44,0.30,-0.00,11.77
2,17.73,-0.46,6.73,-0.02,-0.36,-0.00,11.77
3,11.92,1.20,6.73,0.32,-0.20,-0.00,11.77
4,15.25,2.10,6.73,-0.60,0.11,-0.00,11.77
0,11.01,-2.15,6.73,0.45,0.30,-0.00,11.77
1,14.33,-1.36,6.73,-0.71,-0.63,-0.00,11.77
2,17.73,-0.44,6.73,0.05,0.20,-0.00,11.77
3,11.89,1.17,6.73,-0.34,-0.28,-0.00,11.77
4,15.30,2.14,6.73,0.55,0.41,-0.00,11.77
0,11.03,-2.18,6.73,0.19,-0.31,-0.00,11.77
1,14.39,-1.33,6.73,0.62,0.25,-0.00,11.77
2,17.68,-0.43,6.73,-0.54,0.05,-0.00,11.77
3,11.93,1.22,6.73,0.40,0.47,-0.00,11.77
4,15.28,2.11,6.73,-0.18,-0.33,-0.00,11.77
0,11.06,-2.16,6.73,0.32,0.18,-0.00,11.77
1,14.39,-1.32,6.73,0.02,0.09,-0.00,11.77
2,17.74,-0.46,6.73,0.64,-0.28,-0.00,11.77
3,11.90,1.18,6.73,-0.27,-0.35,-0.00,11.77
4,15.28,2.13,6.73,-0.01,0.26,-0.00,11.77
0,11.03,-2.21,6.73,-0.29,-0.44,-0.00,11.77
1,14.39,-1.31,6.73,-0.04,0.17,-0.00,11.77
2,17.75,-0.44,6.73,0.05,0.20,-0.00,11.77
3,11.93,1.23,6.73,0.29,0.44,-0.00,11.77
4,15.26,2.11,6.73,-0.25,-0.25,-0.00,11.77
0,11.02,-2.19,6.73,-0.14,0.15,-0.00,11.77
1,14.38,-1.29,6.73,-0.05,0.17,-0.00,11.77
2,17.75,-0.42,6.73,0.05,0.20,-0.00,11.77
3,11.90,1.20,6.73,-0.25,-0.25,-0.00,11.77
4,15.29,2.10,6.73,0.34,-0.10,-0.00,11.77
0,10.98,-2.19,6.73,-0.35,-0.00,-0.00,11.77
1,14.38,-1.27,6.73,-0.05,0.18,-0.00,11.77
2,17.71,-0.41,6.73,-0.44,0.07,-0.00,11.77
3,11.94,1.18,6.73,0.32,-0.19,-0.00,11.77
4,15.28,2.07,6.73,-0.08,-0.30,-0.00,11.77
0,11.03,-2.16,6.73,0.45,0.30,-0.00,11.77
1,14.31,-1.33,6.73,-0.72,-0.64,-0.00,11.77
2,17.76,-0.44,6.73,0.47,-0.24,-0.00,11.77
3,11.91,1.20,6.73,-0.21,0.21,-0.00,11.77
4,15.25,2.11,6.73,-0.35,0.36,-0.00,11.77
0,11.00,-2.21,6.73,-0.31,-0.43,-0.00,11.77
1,14.40,-1.35,6.73,0.97,-0.11,-0.00,11.77
2,17.72,-0.44,6.73,-0.37,-0.00,-0.00,11.77
3,11.86,1.27,6.73,-0.53,0.66,-0.00,11.77
4,15.29,2.09,6.73,0.41,-0.17,-0.00,11.77
0,11.04,-2.18,6.73,0.45,0.30,-0.00,11.77
1,14.35,-1.34,6.73,-0.54,0.04,-0.00,11.77
2,17.72,-0.42,6.73,0.05,0.21,-0.00,11.77
3,11.89,1.26,6.73,0.25,-0.13,-0.00,11.77
4,15.27,2.06,6.73,-0.25,-0.25,-0.00,11.77
0,11.01,-2.17,6.73,-0.35,0.10,-0.00,11.77
1,14.30,-1.34,6.73,-0.45,-0.03,-0.00,11.77
2,17.74,-0.46,6.73,0.15,-0.40,-0.00,11.77
3,11.84,1.23,6.73,-0.44,-0.29,-0.00,11.77
4,15.27,2.10,6.73,0.01,0.34,-0.00,11.77
0,11.01,-2.21,6.73,0.08,-0.43,-0.00,11.77
1,14.36,-1.31,6.73,0.55,0.33,-0.00,11.77
2,17.69,-0.46,6.73,-0.47,-0.03,-0.00,11.77
3,11.89,1.27,6.73,0.46,0.38,-0.00,11.77
4,15.25,2.07,6.73,-0.18,-0.32,-0.00,11.77
0,11.05,-2.18,6.73,0.34,0.28,-0.00,11.77
1,14.34,-1.35,6.73,-0.20,-0.40,-0.00,11.77
2,17.67,-0.46,6.73,-0.27,0.02,-0.00,11.77
3,11.91,1.25,6.73,0.24,-0.13,-0.00,11.77
4,15.30,2.11,6.73,0.56,0.40,-0.00,11.77
0,11.08,-2.15,6.73,0.34,0.28,-0.00,11.77
1,14.28,-1.36,6.73,-0.56,-0.05,-0.00,11.77
2,17.73,-0.48,6.73,0.66,-0.18,-0.00,11.77
3,11.89,1.22,6.73,-0.27,-0.35,-0.00,11.77
4,15.32,2.14,6.73,0.11,0.38,-0.00,11.77
0,11.02,-2.21,6.73,-0.64,-0.62,-0.00,11.77
1,14.34,-1.33,6.73,0.55,0.23,-0.00,11.77
2,17.68,-0.47,6.73,-0.54,0.05,-0.00,11.77
3,11.91,1.22,6.73,0.27,-0.02,-0.00,11.77
4,15.31,2.12,6.73,-0.05,-0.20,-0.00,11.77
0,10.99,-2.21,6.73,-0.27,0.02,-0.00,11.77
1,14.33,-1.33,6.73,-0.07,0.08,-0.00,11.77
2,17.64,-0.47,6.73,-0.36,-0.00,-0.00,11.77
3,11.93,1.20,6.73,0.14,-0.15,-0.00,11.77
4,15.29,2.09,6.73,-0.18,-0.33,-0.00,11.77
0,10.96,-2.21,6.73,-0.36,-0.00,-0.00,11.77
1,14.37,-1.35,6.73,0.36,-0.26,-0.00,11.77
2,17.71,-0.49,6.73,0.66,-0.19,-0.00,11.77
3,11.91,1.23,6.73,-0.17,0.31,-0.00,11.77
4,15.33,2.09,6.73,0.36,0.00,-0.00,11.77
0,11.00,-2.18,6.73,0.45,0.30,-0.00,11.77
1,14.31,-1.36,6.73,-0.56,-0.05,-0.00,11.77
2,17.71,-0.47,6.73,0.05,0.20,-0.00,11.77
3,11.94,1.21,6.73,0.31,-0.20,-0.00,11.77
4,15.32,2.06,6.73,-0.09,-0.30,-0.00,11.77
0,10.98,-2.18,6.73,-0.17,0.05,-0.00,11.77
1,14.41,-1.37,6.73,0.96,-0.11,-0.00,11.77
2,17.70,-0.51,6.73,-0.12,-0.39,-0.00,11.77
3,11.96,1.20,6.73,0.14,-0.15,-0.00,11.77
4,15.32,2.09,6.73,-0.01,0.26,-0.00,11.77
0,11.02,-2.16,6.73,0.32,0.17,-0.00,11.77
1,14.39,-1.35,6.73,-0.14,0.15,-0.00,11.77
2,17.71,-0.50,6.73,0.13,0.13,-0.00,11.77
3,11.93,1.16,6.73,-0.27,-0.35,-0.00,11.77
4,15.36,2.07,6.73,0.40,-0.17,-0.00,11.77
0,10.97,-2.22,6.73,-0.42,-0.55,-0.00,11.77
1,14.44,-1.33,6.73,0.41,0.19,-0.00,11.77
2,17.75,-0.48,6.73,0.32,0.18,-0.00,11.77
3,11.98,1.20,6.73,0.47,0.39,-0.00,11.77
4,15.30,2.08,6.73,-0.59,0.12,-0.00,11.77
0,11.00,-2.20,6.73,0.23,0.15,-0.00,11.77
1,14.37,-1.33,6.73,-0.64,0.02,-0.00,11.77
2,17.75,-0.46,6.73,0.06,0.20,-0.00,11.77
3,11.95,1.17,6.73,-0.28,-0.35,-0.00,11.77
4,15.34,2.07,6.73,0.43,-0.07,-0.00,11.77
0,10.96,-2.19,6.73,-0.33,0.10,-0.00,11.77
1,14.36,-1.37,6.73,-0.10,-0.38,-0.00,11.77
2,17.80,-0.48,6.73,0.45,-0.24,-0.00,11.77
3,11.97,1.16,6.73,0.24,-0.12,-0.00,11.77
4,15.28,2.08,6.73,-0.59,0.11,-0.00,11.77
0,10.93,-2.23,6.73,-0.30,-0.41,-0.00,11.77
1,14.37,-1.37,6.73,0.10,0.03,-0.00,11.77
2,17.75,-0.49,6.73,-0.47,-0.03,-0.00,11.77
3,11.95,1.18,6.73,-0.17,0.29,-0.00,11.77
4,15.33,2.08,6.73,0.43,-0.06,-0.00,11.77
0,10.98,-2.20,6.73,0.46,0.30,-0.00,11.77
1,14.32,-1.37,6.73,-0.55,-0.05,-0.00,11.77
2,17.72,-0.48,6.73,-0.27,0.02,-0.00,11.77
3,11.97,1.17,6.73,0.14,-0.15,-0.00,11.77
4,15.37,2.06,6.73,0.39,-0.17,-0.00,11.77
0,11.00,-2.19,6.73,0.23,0.15,-0.00,11.77
1,14.37,-1.35,6.73,0.52,0.22,-0.00,11.77
2,17.72,-0.52,6.73,-0.02,-0.37,-0.00,11.77
3,11.94,1.20,6.73,-0.27,0.30,-0.00,11.77
4,15.34,2.04,6.73,-0.26,-0.25,-0.00,11.77
0,10.99,-2.18,6.73,-0.16,0.05,-0.00,11.77
1,14.41,-1.32,6.73,0.44,0.29,-0.00,11.77
2,17.77,-0.54,6.73,0.46,-0.24,-0.00,11.77
3,11.96,1.18,6.73,0.21,-0.22,-0.00,11.77
4,15.34,2.06,6.73,-0.01,0.26,-0.00,11.77
0,11.00,-2.21,6.73,0.19,-0.30,-0.00,11.77
1,14.39,-1.36,6.73,-0.22,-0.39,-0.00,11.77
2,17.78,-0.53,6.73,0.12,0.12,-0.00,11.77
3,11.88,1.20,6.73,-0.82,0.23,-0.00,11.77
4,15.38,2.04,6.73,0.40,-0.17,-0.00,11.77
0,10.99,-2.20,6.73,-0.13,0.15,-0.00,11.77
1,14.39,-1.34,6.73,-0.04,0.17,-0.00,11.77
2,17.80,-0.52,6.73,0.21,0.14,-0.00,11.77
3,11.91,1.20,6.73,0.27,-0.03,-0.00,11.77
4,15.36,2.01,6.73,-0.19,-0.32,-0.00,11.77
0,11.04,-2.17,6.73,0.45,0.30,-0.00,11.77
1,14.35,-1.39,6.73,-0.31,-0.43,-0.00,11.77
2,17.75,-0.51,6.73,-0.54,0.05,-0.00,11.77
3,11.92,1.18,6.73,0.15,-0.15,-0.00,11.77
4,15.36,2.04,6.73,-0.02,0.25,-0.00,11.77
0,11.01,-2.21,6.73,-0.30,-0.43,-0.00,11.77
1,14.40,-1.36,6.73,0.46,0.29,-0.00,11.77
2,17.73,-0.55,6.73,-0.13,-0.38,-0.00,11.77
3,11.97,1.22,6.73,0.47,0.38,-0.00,11.77
4,15.31,2.06,6.73,-0.47,0.24,-0.00,11.77
0,11.04,-2.19,6.73,0.32,0.17,-0.00,11.77
1,14.34,-1.35,6.73,-0.64,0.03,-0.00,11.77
2,17.76,-0.53,6.73,0.25,0.25,-0.00,11.77
3,11.94,1.19,6.73,-0.28,-0.35,-0.00,11.77
4,15.31,2.04,6.73,0.04,-0.18,-0.00,11.77
0,11.07,-2.18,6.73,0.32,0.17,-0.00,11.77
1,14.40,-1.33,6.73,0.63,0.25,-0.00,11.77
2,17.73,-0.52,6.73,-0.27,0.03,-0.00,11.77
3,11.87,1.26,6.73,-0.69,0.71,-0.00,11.77
4,15.35,2.03,6.73,0.40,-0.18,-0.00,11.77
0,11.09,-2.17,6.73,0.19,0.05,-0.00,11.77
1,14.38,-1.37,6.73,-0.21,-0.40,-0.00,11.77
2,17.78,-0.55,6.73,0.47,-0.24,-0.00,11.77
3,11.90,1.24,6.73,0.32,-0.21,-0.00,11.77
4,15.31,2.09,6.73,-0.43,0.69,-0.00,11.77
0,11.07,-2.17,6.73,-0.18,0.05,-0.00,11.77
1,14.37,-1.36,6.73,-0.05,0.08,-0.00,11.77
2,17.79,-0.54,6.73,0.11,0.12,-0.00,11.77
3,11.94,1.22,6.73,0.32,-0.20,-0.00,11.77
4,15.30,2.06,6.73,-0.08,-0.30,-0.00,11.77
0,11.04,-2.21,6.73,-0.30,-0.43,-0.00,11.77
1,14.42,-1.34,6.73,0.43,0.20,-0.00,11.77
2,17.76,-0.53,6.73,-0.34,0.10,-0.00,11.77
3,11.92,1.24,6.73,-0.12,0.23,-0.00,11.77
4,15.34,2.05,6.73,0.41,-0.18,-0.00,11.77
0,11.06,-2.19,6.73,0.22,0.15,-0.00,11.77
1,14.41,-1.32,6.73,-0.06,0.18,-0.00,11.77
2,17.76,-0.51,6.73,0.05,0.20,-0.00,11.77
3,11.96,1.22,6.73,0.32,-0.20,-0.00,11.77
4,15.34,2.03,6.73,-0.06,-0.20,-0.00,11.77
0,11.05,-2.18,6.73,-0.14,0.15,-0.00,11.77
1,14.45,-1.30,6.73,0.41,0.20,-0.00,11.77
2,17.77,-0.49,6.73,0.05,0.19,-0.00,11.77
3,11.93,1.19,6.73,-0.27,-0.34,-0.00,11.77
4,15.40,2.07,6.73,0.56,0.40,-0.00,11.77
0,11.07,-2.21,6.73,0.20,-0.31,-0.00,11.77
1,14.38,-1.31,6.73,-0.67,-0.08,-0.00,11.77
2,17.83,-0.52,6.73,0.64,-0.29,-0.00,11.77
3,11.98,1.22,6.73,0.47,0.39,-0.00,11.77
4,15.35,2.14,6.73,-0.43,0.69,-0.00,11.77
0,11.09,-2.21,6.73,0.20,0.05,-0.00,11.77
1,14.40,-1.30,6.73,0.13,0.12,-0.00,11.77
2,17.78,-0.51,6.73,-0.54,0.06,-0.00,11.77
3,11.91,1.23,6.73,-0.67,0.08,-0.00,11.77
4,15.39,2.12,6.73,0.40,-0.18,-0.00,11.77
0,11.07,-2.19,6.73,-0.14,0.14,-0.00,11.77
1,14.39,-1.28,6.73,-0.04,0.19,-0.00,11.77
2,17.78,-0.49,6.73,0.05,0.19,-0.00,11.77
3,11.92,1.22,6.73,0.15,-0.15,-0.00,11.77
4,15.37,2.09,6.73,-0.19,-0.33,-0.00,11.77
0,11.06,-2.18,6.73,-0.14,0.14,-0.00,11.77
1,14.40,-1.27,6.73,0.03,0.12,-0.00,11.77
2,17.80,-0.48,6.73,0.22,0.14,-0.00,11.77
3,11.92,1.21,6.73,-0.02,-0.10,-0.00,11.77
4,15.35,2.06,6.73,-0.25,-0.25,-0.00,11.77
0,11.03,-2.22,6.73,-0.28,-0.44,-0.00,11.77
1,14.44,-1.25,6.73,0.48,0.13,-0.00,11.77
2,17.76,-0.47,6.73,-0.44,0.07,-0.00,11.77
3,11.93,1.29,6.73,0.04,0.80,-0.00,11.77
4,15.34,2.05,6.73,-0.03,-0.10,-0.00,11.77
0,11.06,-2.20,6.73,0.25,0.26,-0.00,11.77
1,14.43,-1.30,6.73,-0.13,-0.49,-0.00,11.77
2,17.77,-0.51,6.73,0.15,-0.41,-0.00,11.77
3,11.96,1.27,6.73,0.32,-0.21,-0.00,11.77
4,15.30,2.12,6.73,-0.43,0.70,-0.00,11.77
0,11.04,-2.18,6.73,-0.13,0.15,-0.00,11.77
1,14.43,-1.28,6.73,-0.06,0.18,-0.00,11.77
2,17.80,-0.50,6.73,0.22,0.14,-0.00,11.77
3,11.91,1.24,6.73,-0.44,-0.30,-0.00,11.77
4,15.34,2.10,6.73,0.41,-0.18,-0.00,11.77
0,11.08,-2.15,6.73,0.35,0.27,-0.00,11.77
1,14.48,-1.26,6.73,0.50,0.23,-0.00,11.77
2,17.81,-0.48,6.73,0.12,0.12,-0.00,11.77
3,11.95,1.22,6.73,0.32,-0.20,-0.00,11.77
4,15.34,2.08,6.73,-0.05,-0.20,-0.00,11.77
0,11.12,-2.13,6.73,0.42,0.20,-0.00,11.77
1,14.40,-1.32,6.73,-0.79,-0.56,-0.00,11.77
2,17.81,-0.47,6.73,0.06,0.19,-0.00,11.77
3,11.98,1.25,6.73,0.37,0.36,-0.00,11.77
4,15.33,2.06,6.73,-0.05,-0.20,-0.00,11.77
0,11.08,-2.19,6.73,-0.43,-0.56,-0.00,11.77
1,14.45,-1.28,6.73,0.56,0.32,-0.00,11.77
2,17.77,-0.47,6.73,-0.47,-0.02,-0.00,11.77
3,12.01,1.24,6.73,0.24,-0.13,-0.00,11.77
4,15.37,2.06,6.73,0.37,-0.00,-0.00,11.77
0,11.06,-2.17,6.73,-0.13,0.15,-0.00,11.77
1,14.48,-1.31,6.73,0.27,-0.28,-0.00,11.77
2,17.77,-0.50,6.73,-0.02,-0.36,-0.00,11.77
3,11.98,1.22,6.73,-0.25,-0.24,-0.00,11.77
4,15.40,2.06,6.73,0.36,-0.01,-0.00,11.77
0,11.10,-2.15,6.73,0.35,0.27,-0.00,11.77
1,14.41,-1.37,6.73,-0.73,-0.62,-0.00,11.77
2,17.81,-0.53,6.73,0.47,-0.24,-0.00,11.77
3,12.01,1.20,6.73,0.31,-0.20,-0.00,11.77
4,15.36,2.13,6.73,-0.43,0.69,-0.00,11.77
0,11.08,-2.14,6.73,-0.18,0.05,-0.00,11.77
1,14.46,-1.34,6.73,0.56,0.32,-0.00,11.77
2,17.77,-0.52,6.73,-0.44,0.08,-0.00,11.77
3,12.05,1.23,6.73,0.37,0.36,-0.00,11.77
4,15.35,2.11,6.73,-0.15,-0.23,-0.00,11.77
0,11.07,-2.13,6.73,-0.14,0.15,-0.00,11.77
1,14.46,-1.33,6.73,-0.06,0.17,-0.00,11.77
2,17.78,-0.50,6.73,0.06,0.20,-0.00,11.77
3,12.02,1.20,6.73,-0.29,-0.36,-0.00,11.77
4,15.39,2.09,6.73,0.41,-0.17,-0.00,11.77
0,11.03,-2.18,6.73,-0.43,-0.55,-0.00,11.77
1,14.45,-1.31,6.73,-0.05,0.16,-0.00,11.77
2,17.74,-0.50,6.73,-0.36,0.00,-0.00,11.77
3,12.00,1.17,6.73,-0.24,-0.25,-0.00,11.77
4,15.44,2.10,6.73,0.55,0.05,-0.00,11.77
0,11.05,-2.21,6.73,0.29,-0.28,-0.00,11.77
1,14.44,-1.36,6.73,-0.15,-0.48,-0.00,11.77
2,17.79,-0.52,6.73,0.47,-0.25,-0.00,11.77
3,12.04,1.22,6.73,0.41,0.45,-0.00,11.77
4,15.42,2.07,6.73,-0.26,-0.25,-0.00,11.77
0,11.04,-2.19,6.73,-0.13,0.15,-0.00,11.77
1,14.43,-1.34,6.73,-0.05,0.17,-0.00,11.77
2,17.81,-0.51,6.73,0.22,0.15,-0.00,11.77
3,12.00,1.19,6.73,-0.34,-0.27,-0.00,11.77
4,15.46,2.05,6.73,0.39,-0.18,-0.00,11.77
0,11.03,-2.18,6.73,-0.12,0.15,-0.00,11.77
1,14.38,-1.34,6.73,-0.55,-0.04,-0.00,11.77
2,17.82,-0.50,6.73,0.12,0.12,-0.00,11.77
3,12.03,1.17,6.73,0.31,-0.20,-0.00,11.77
4,15.41,2.07,6.73,-0.49,0.14,-0.00,11.77
0,11.00,-2.19,6.73,-0.29,-0.07,-0.00,11.77
1,14.47,-1.36,6.73,0.96,-0.12,-0.00,11.77
2,17.79,-0.50,6.73,-0.30,-0.07,-0.00,11.77
3,12.03,1.25,6.73,-0.03,0.79,-0.00,11.77
4,15.45,2.05,6.73,0.39,-0.17,-0.00,11.77
0,11.05,-2.16,6.73,0.46,0.30,-0.00,11.77
1,14.46,-1.36,6.73,-0.10,-0.02,-0.00,11.77
2,17.79,-0.54,6.73,-0.03,-0.37,-0.00,11.77
3,12.05,1.23,6.73,0.14,-0.15,-0.00,11.77
4,15.39,2.06,6.73,-0.60,0.12,-0.00,11.77
0,11.09,-2.14,6.73,0.42,0.19,-0.00,11.77
1,14.41,-1.36,6.73,-0.57,-0.04,-0.00,11.77
2,17.79,-0.52,6.73,0.06,0.20,-0.00,11.77
3,12.00,1.20,6.73,-0.45,-0.30,-0.00,11.77
4,15.38,2.03,6.73,-0.08,-0.30,-0.00,11.77
0,11.11,-2.17,6.73,0.19,-0.31,-0.00,11.77
1,14.40,-1.35,6.73,-0.02,0.17,-0.00,11.77
2,17.80,-0.50,6.73,0.05,0.20,-0.00,11.77
3,11.99,1.23,6.73,-0.11,0.24,-0.00,11.77
4,15.42,2.03,6.73,0.43,-0.08,-0.00,11.77
0,11.07,-2.16,6.73,-0.35,0.10,-0.00,11.77
1,14.46,-1.32,6.73,0.53,0.22,-0.00,11.77
2,17.86,-0.53,6.73,0.63,-0.29,-0.00,11.77
3,12.00,1.21,6.73,0.14,-0.15,-0.00,11.77
4,15.36,2.04,6.73,-0.60,0.12,-0.00,11.77
0,11.04,-2.20,6.73,-0.29,-0.42,-0.00,11.77
1,14.44,-1.36,6.73,-0.20,-0.40,-0.00,11.77
2,17.87,-0.52,6.73,0.11,0.12,-0.00,11.77
3,12.04,1.25,6.73,0.37,0.35,-0.00,11.77
4,15.35,2.03,6.73,-0.13,-0.12,-0.00,11.77
0,11.01,-2.19,6.73,-0.33,0.11,-0.00,11.77
1,14.49,-1.33,6.73,0.54,0.32,-0.00,11.77
2,17.83,-0.52,6.73,-0.37,0.00,-0.00,11.77
3,12.02,1.22,6.73,-0.26,-0.25,-0.00,11.77
4,15.40,2.02,6.73,0.55,-0.06,-0.00,11.77
0,11.05,-2.17,6.73,0.43,0.20,-0.00,11.77
1,14.41,-1.39,6.73,-0.80,-0.55,-0.00,11.77
2,17.84,-0.50,6.73,0.05,0.20,-0.00,11.77
3,11.97,1.19,6.73,-0.44,-0.29,-0.00,11.77
4,15.46,2.06,6.73,0.56,0.40,-0.00,11.77
0,11.02,-2.21,6.73,-0.29,-0.42,-0.00,11.77
1,14.46,-1.36,6.73,0.45,0.29,-0.00,11.77
2,17.83,-0.54,6.73,-0.13,-0.39,-0.00,11.77
3,12.02,1.23,6.73,0.47,0.38,-0.00,11.77
4,15.40,2.08,6.73,-0.57,0.21,-0.00,11.77
0,11.07,-2.18,6.73,0.46,0.30,-0.00,11.77
1,14.39,-1.35,6.73,-0.63,0.03,-0.00,11.77
2,17.83,-0.52,6.73,0.05,0.20,-0.00,11.77
3,11.99,1.20,6.73,-0.27,-0.35,-0.00,11.77
4,15.44,2.06,6.73,0.40,-0.18,-0.00,11.77
0,11.04,-2.17,6.73,-0.34,0.10,-0.00,11.77
1,14.45,-1.32,6.73,0.55,0.32,-0.00,11.77
2,17.78,-0.51,6.73,-0.54,0.05,-0.00,11.77
3,12.01,1.18,6.73,0.14,-0.15,-0.00,11.77
4,15.42,2.03,6.73,-0.19,-0.32,-0.00,11.77
0,11.06,-2.20,6.73,0.29,-0.28,-0.00,11.77
1,14.41,-1.42,6.73,-0.39,-0.97,-0.00,11.77
2,17.84,-0.54,6.73,0.64,-0.30,-0.00,11.77
3,12.05,1.23,6.73,0.41,0.45,-0.00,11.77
4,15.38,2.10,6.73,-0.43,0.69,-0.00,11.77
0,11.10,-2.17,6.73,0.35,0.27,-0.00,11.77
1,14.46,-1.39,6.73,0.55,0.32,-0.00,11.77
2,17.79,-0.54,6.73,-0.54,0.05,-0.00,11.77
3,12.02,1.19,6.73,-0.28,-0.36,-0.00,11.77
4,15.38,2.08,6.73,0.04,-0.18,-0.00,11.77
0,11.07,-2.22,6.73,-0.30,-0.42,-0.00,11.77
1,14.47,-1.38,6.73,0.02,0.09,-0.00,11.77
2,17.79,-0.52,6.73,0.06,0.20,-0.00,11.77
3,12.00,1.22,6.73,-0.18,0.30,-0.00,11.77
4,15.44,2.08,6.73,0.52,-0.05,-0.00,11.77
0,11.04,-2.21,6.73,-0.26,0.03,-0.00,11.77
1,14.46,-1.36,6.73,-0.05,0.17,-0.00,11.77
2,17.80,-0.50,6.73,0.06,0.20,-0.00,11.77
3,12.03,1.20,6.73,0.31,-0.20,-0.00,11.77
4,15.41,2.05,6.73,-0.26,-0.25,-0.00,11.77
0,11.08,-2.19,6.73,0.35,0.27,-0.00,11.77
1,14.40,-1.36,6.73,-0.63,0.02,-0.00,11.77
2,17.86,-0.52,6.73,0.63,-0.28,-0.00,11.77
3,11.98,1.19,6.73,-0.48,-0.12,-0.00,11.77
4,15.45,2.05,6.73,0.35,-0.00,-0.00,11.77
0,11.05,-2.23,6.73,-0.30,-0.43,-0.00,11.77
1,14.44,-1.33,6.73,0.45,0.30,-0.00,11.77
2,17.81,-0.52,6.73,-0.54,0.05,-0.00,11.77
3,12.03,1.23,6.73,0.47,0.38,-0.00,11.77
4,15.43,2.02,6.73,-0.19,-0.32,-0.00,11.77
0,11.09,-2.20,6.73,0.45,0.30,-0.00,11.77
1,14.38,-1.34,6.73,-0.66,-0.07,-0.00,11.77
2,17.77,-0.52,6.73,-0.37,0.00,-0.00,11.77
3,12.05,1.21,6.73,0.21,-0.23,-0.00,11.77
4,15.44,2.07,6.73,0.14,0.48,-0.00,11.77
0,11.08,-2.18,6.73,-0.15,0.14,-0.00,11.77
1,14.42,-1.36,6.73,0.39,-0.26,-0.00,11.77
2,17.83,-0.55,6.73,0.62,-0.30,-0.00,11.77
3,11.98,1.22,6.73,-0.68,0.10,-0.00,11.77
4,15.44,2.09,6.73,-0.01,0.27,-0.00,11.77
0,11.07,-2.17,6.73,-0.14,0.15,-0.00,11.77
1,14.47,-1.33,6.73,0.55,0.32,-0.00,11.77
2,17.80,-0.55,6.73,-0.37,0.01,-0.00,11.77
3,12.02,1.21,6.73,0.34,-0.10,-0.00,11.77
4,15.42,2.06,6.73,-0.19,-0.33,-0.00,11.77
0,11.11,-2.14,6.73,0.45,0.29,-0.00,11.77
1,14.41,-1.33,6.73,-0.64,0.03,-0.00,11.77
2,17.77,-0.54,6.73,-0.24,0.13,-0.00,11.77
3,12.02,1.19,6.73,0.04,-0.17,-0.00,11.77
4,15.40,2.03,6.73,-0.18,-0.32,-0.00,11.77
0,11.11,-2.18,6.73,-0.01,-0.36,-0.00,11.77
1,14.40,-1.37,6.73,-0.12,-0.38,-0.00,11.77
2,17.84,-0.56,6.73,0.66,-0.20,-0.00,11.77
3,12.00,1.22,6.73,-0.18,0.31,-0.00,11.77
4,15.41,2.06,6.73,0.02,0.36,-0.00,11.77
0,11.09,-2.17,6.73,-0.18,0.05,-0.00,11.77
1,14.45,-1.33,6.73,0.56,0.32,-0.00,11.77
2,17.78,-0.55,6.73,-0.54,0.06,-0.00,11.77
3,12.03,1.21,6.73,0.24,-0.13,-0.00,11.77
4,15.39,2.03,6.73,-0.18,-0.32,-0.00,11.77
0,11.08,-2.17,6.73,-0.17,0.05,-0.00,11.77
1,14.44,-1.38,6.73,-0.14,-0.47,-0.00,11.77
2,17.81,-0.54,6.73,0.23,0.14,-0.00,11.77
3,11.98,1.18,6.73,-0.44,-0.29,-0.00,11.77
4,15.43,2.02,6.73,0.43,-0.08,-0.00,11.77
0,11.06,-2.16,6.73,-0.17,0.06,-0.00,11.77
1,14.43,-1.36,6.73,-0.04,0.17,-0.00,11.77
2,17.85,-0.56,6.73,0.45,-0.24,-0.00,11.77
3,12.00,1.22,6.73,0.20,0.41,-0.00,11.77
4,15.38,2.05,6.73,-0.47,0.24,-0.00,11.77
0,11.05,-2.15,6.73,-0.13,0.15,-0.00,11.77
1,14.49,-1.34,6.73,0.51,0.21,-0.00,11.77
2,17.81,-0.55,6.73,-0.44,0.08,-0.00,11.77
3,11.97,1.19,6.73,-0.34,-0.27,-0.00,11.77
4,15.42,2.04,6.73,0.33,-0.10,-0.00,11.77
0,11.06,-2.19,6.73,0.16,-0.41,-0.00,11.77
1,14.42,-1.34,6.73,-0.64,0.03,-0.00,11.77
2,17.77,-0.54,6.73,-0.44,0.08,-0.00,11.77
3,11.99,1.23,6.73,0.21,0.41,-0.00,11.77
4,15.40,2.01,6.73,-0.19,-0.32,-0.00,11.77
0,11.05,-2.17,6.73,-0.14,0.15,-0.00,11.77
1,14.40,-1.38,6.73,-0.22,-0.40,-0.00,11.77
2,17.81,-0.57,6.73,0.47,-0.24,-0.00,11.77
3,11.96,1.20,6.73,-0.27,-0.34,-0.00,11.77
4,15.45,2.05,6.73,0.49,0.46,-0.00,11.77
0,11.08,-2.15,6.73,0.33,0.17,-0.00,11.77
1,14.39,-1.37,6.73,-0.07,0.08,-0.00,11.77
2,17.77,-0.57,6.73,-0.47,-0.02,-0.00,11.77
3,12.00,1.19,6.73,0.34,-0.10,-0.00,11.77
4,15.44,2.02,6.73,-0.09,-0.30,-0.00,11.77
0,11.05,-2.20,6.73,-0.31,-0.43,-0.00,11.77
1,14.39,-1.35,6.73,-0.03,0.18,-0.00,11.77
2,17.79,-0.56,6.73,0.29,0.07,-0.00,11.77
3,12.02,1.18,6.73,0.24,-0.13,-0.00,11.77
4,15.38,2.03,6.73,-0.59,0.12,-0.00,11.77
0,11.04,-2.18,6.73,-0.14,0.15,-0.00,11.77
1,14.42,-1.39,6.73,0.35,-0.35,-0.00,11.77
2,17.80,-0.54,6.73,0.05,0.19,-0.00,11.77
3,11.96,1.19,6.73,-0.66,0.19,-0.00,11.77
4,15.42,2.02,6.73,0.40,-0.17,-0.00,11.77
0,11.07,-2.16,6.73,0.35,0.27,-0.00,11.77
1,14.42,-1.38,6.73,-0.07,0.07,-0.00,11.77
2,17.84,-0.57,6.73,0.45,-0.24,-0.00,11.77
3,11.99,1.18,6.73,0.34,-0.10,-0.00,11.77
4,15.36,2.03,6.73,-0.59,0.12,-0.00,11.77
0,11.04,-2.20,6.73,-0.30,-0.43,-0.00,11.77
1,14.48,-1.36,6.73,0.62,0.24,-0.00,11.77
2,17.79,-0.56,6.73,-0.54,0.06,-0.00,11.77
3,11.98,1.21,6.73,-0.11,0.24,-0.00,11.77
4,15.42,2.03,6.73,0.56,0.05,-0.00,11.77
0,11.08,-2.18,6.73,0.42,0.20,-0.00,11.77
1,14.43,-1.35,6.73,-0.54,0.05,-0.00,11.77
2,17.80,-0.55,6.73,0.13,0.12,-0.00,11.77
3,11.99,1.19,6.73,0.15,-0.15,-0.00,11.77
4,15.40,2.00,6.73,-0.19,-0.32,-0.00,11.77
0,11.12,-2.16,6.73,0.32,0.17,-0.00,11.77
1,14.42,-1.34,6.73,-0.07,0.08,-0.00,11.77
2,17.76,-0.54,6.73,-0.44,0.08,-0.00,11.77
3,12.03,1.23,6.73,0.37,0.35,-0.00,11.77
4,15.45,2.05,6.73,0.49,0.47,-0.00,11.77
0,11.15,-2.14,6.73,0.35,0.27,-0.00,11.77
1,14.41,-1.34,6.73,-0.06,0.08,-0.00,11.77
2,17.76,-0.58,6.73,-0.03,-0.37,-0.00,11.77
3,12.06,1.21,6.73,0.31,-0.20,-0.00,11.77
4,15.39,2.06,6.73,-0.59,0.13,-0.00,11.77
0,11.13,-2.13,6.73,-0.19,0.04,-0.00,11.77
1,14.45,-1.36,6.73,0.38,-0.26,-0.00,11.77
2,17.76,-0.56,6.73,0.07,0.20,-0.00,11.77
3,12.03,1.19,6.73,-0.32,-0.18,-0.00,11.77
4,15.42,2.06,6.73,0.37,0.00,-0.00,11.77
0,11.09,-2.19,6.73,-0.44,-0.56,-0.00,11.77
1,14.44,-1.36,6.73,-0.07,0.07,-0.00,11.77
2,17.79,-0.53,6.73,0.26,0.25,-0.00,11.77
3,12.06,1.23,6.73,0.30,0.44,-0.00,11.77
4,15.40,2.04,6.73,-0.25,-0.25,-0.00,11.77
0,11.06,-2.19,6.73,-0.29,-0.07,-0.00,11.77
1,14.44,-1.34,6.73,-0.04,0.18,-0.00,11.77
2,17.75,-0.53,6.73,-0.43,0.08,-0.00,11.77
3,12.03,1.20,6.73,-0.28,-0.35,-0.00,11.77
4,15.43,2.03,6.73,0.34,-0.10,-0.00,11.77
0,11.05,-2.18,6.73,-0.13,0.15,-0.00,11.77
1,14.47,-1.36,6.73,0.35,-0.26,-0.00,11.77
2,17.76,-0.51,6.73,0.14,0.12,-0.00,11.77
3,12.02,1.22,6.73,-0.10,0.23,-0.00,11.77
4,15.38,2.04,6.73,-0.50,0.15,-0.00,11.77
0,11.08,-2.16,6.73,0.32,0.17,-0.00,11.77
1,14.41,-1.37,6.73,-0.67,-0.08,-0.00,11.77
2,17.77,-0.50,6.73,0.14,0.13,-0.00,11.77
3,12.04,1.20,6.73,0.21,-0.23,-0.00,11.77
4,15.34,2.06,6.73,-0.46,0.24,-0.00,11.77
0,11.06,-2.16,6.73,-0.18,0.05,-0.00,11.77
1,14.49,-1.39,6.73,0.86,-0.15,-0.00,11.77
2,17.73,-0.49,6.73,-0.43,0.08,-0.00,11.77
3,11.99,1.27,6.73,-0.53,0.66,-0.00,11.77
4,15.39,2.06,6.73,0.54,-0.05,-0.00,11.77
0,11.09,-2.13,6.73,0.25,0.25,-0.00,11.77
1,14.48,-1.37,6.73,-0.15,0.16,-0.00,11.77
2,17.74,-0.48,6.73,0.14,0.14,-0.00,11.77
3,11.96,1.23,6.73,-0.27,-0.34,-0.00,11.77
4,15.39,2.10,6.73,0.02,0.36,-0.00,11.77
0,11.04,-2.18,6.73,-0.49,-0.47,-0.00,11.77
1,14.42,-1.37,6.73,-0.55,0.04,-0.00,11.77
2,17.76,-0.47,6.73,0.14,0.14,-0.00,11.77
3,11.99,1.28,6.73,0.30,0.43,-0.00,11.77
4,15.33,2.11,6.73,-0.59,0.12,-0.00,11.77
0,11.01,-2.18,6.73,-0.26,0.03,-0.00,11.77
1,14.42,-1.35,6.73,-0.05,0.16,-0.00,11.77
2,17.76,-0.44,6.73,0.05,0.21,-0.00,11.77
3,11.97,1.24,6.73,-0.28,-0.35,-0.00,11.77
4,15.34,2.09,6.73,0.04,-0.18,-0.00,11.77
0,11.05,-2.16,6.73,0.42,0.20,-0.00,11.77
1,14.36,-1.35,6.73,-0.63,0.02,-0.00,11.77
2,17.72,-0.44,6.73,-0.44,0.07,-0.00,11.77
3,11.99,1.23,6.73,0.24,-0.12,-0.00,11.77
4,15.34,2.07,6.73,0.04,-0.17,-0.00,11.77
0,11.09,-2.13,6.73,0.35,0.27,-0.00,11.77
1,14.36,-1.35,6.73,0.02,-0.01,-0.00,11.77
2,17.78,-0.46,6.73,0.66,-0.19,-0.00,11.77
3,11.92,1.24,6.73,-0.68,0.09,-0.00,11.77
4,15.34,2.06,6.73,-0.03,-0.10,-0.00,11.77
0,11.06,-2.17,6.73,-0.31,-0.44,-0.00,11.77
1,14.42,-1.32,6.73,0.64,0.25,-0.00,11.77
2,17.75,-0.46,6.73,-0.37,-0.00,-0.00,11.77
3,11.97,1.28,6.73,0.46,0.38,-0.00,11.77
4,15.33,2.04,6.73,-0.06,-0.20,-0.00,11.77
0,11.03,-2.18,6.73,-0.29,-0.07,-0.00,11.77
1,14.45,-1.35,6.73,0.28,-0.28,-0.00,11.77
2,17.83,-0.48,6.73,0.84,-0.23,-0.00,11.77
3,11.99,1.25,6.73,0.21,-0.23,-0.00,11.77
4,15.35,2.13,6.73,0.15,0.83,-0.00,11.77
0,11.06,-2.16,6.73,0.32,0.18,-0.00,11.77
1,14.39,-1.36,6.73,-0.65,-0.07,-0.00,11.77
2,17.86,-0.45,6.73,0.24,0.25,-0.00,11.77
3,11.96,1.23,6.73,-0.24,-0.25,-0.00,11.77
4,15.39,2.11,6.73,0.40,-0.18,-0.00,11.77
0,11.03,-2.15,6.73,-0.34,0.10,-0.00,11.77
1,14.44,-1.34,6.73,0.52,0.22,-0.00,11.77
2,17.82,-0.45,6.73,-0.37,-0.00,-0.00,11.77
3,12.00,1.22,6.73,0.34,-0.10,-0.00,11.77
4,15.37,2.08,6.73,-0.18,-0.33,-0.00,11.77
0,11.06,-2.12,6.73,0.35,0.27,-0.00,11.77
1,14.39,-1.33,6.73,-0.52,0.05,-0.00,11.77
2,17.84,-0.43,6.73,0.24,0.25,-0.00,11.77
3,11.96,1.19,6.73,-0.44,-0.30,-0.00,11.77
4,15.42,2.07,6.73,0.53,-0.05,-0.00,11.77
0,11.02,-2.12,6.73,-0.37,0.00,-0.00,11.77
1,14.38,-1.32,6.73,-0.04,0.17,-0.00,11.77
2,17.81,-0.44,6.73,-0.30,-0.08,-0.00,11.77
3,12.00,1.23,6.73,0.48,0.39,-0.00,11.77
4,15.38,2.09,6.73,-0.48,0.23,-0.00,11.77
0,11.06,-2.11,6.73,0.32,0.17,-0.00,11.77
1,14.44,-1.29,6.73,0.62,0.24,-0.00,11.77
2,17.76,-0.43,6.73,-0.54,0.05,-0.00,11.77
3,11.95,1.29,6.73,-0.51,0.67,-0.00,11.77
4,15.42,2.08,6.73,0.40,-0.17,-0.00,11.77
0,11.04,-2.09,6.73,-0.13,0.15,-0.00,11.77
1,14.44,-1.29,6.73,-0.01,-0.01,-0.00,11.77
2,17.81,-0.46,6.73,0.47,-0.24,-0.00,11.77
3,11.97,1.28,6.73,0.14,-0.15,-0.00,11.77
4,15.40,2.06,6.73,-0.13,-0.12,-0.00,11.77
0,11.00,-2.15,6.73,-0.42,-0.55,-0.00,11.77
1,14.48,-1.33,6.73,0.35,-0.36,-0.00,11.77
2,17.75,-0.51,6.73,-0.51,-0.51,-0.00,11.77
3,12.00,1.32,6.73,0.30,0.42,-0.00,11.77
4,15.36,2.13,6.73,-0.44,0.69,-0.00,11.77
0,11.04,-2.13,6.73,0.40,0.19,-0.00,11.77
1,14.42,-1.33,6.73,-0.60,-0.05,-0.00,11.77
2,17.64,-0.52,6.73,-1.10,-0.12,-0.00,11.77
3,12.00,1.30,6.73,0.04,-0.18,-0.00,11.77
4,15.40,2.11,6.73,0.38,-0.19,-0.00,11.77
0,11.01,-2.12,6.73,-0.29,0.03,-0.00,11.77
1,14.36,-1.33,6.73,-0.58,0.05,-0.00,11.77
2,17.54,-0.55,6.73,-1.09,-0.30,-0.00,11.77
3,11.97,1.28,6.73,-0.27,-0.25,-0.00,11.77
4,15.40,2.15,6.73,0.00,0.37,-0.00,11.77
0,11.04,-2.11,6.73,0.29,0.17,-0.00,11.77
1,14.35,-1.31,6.73,-0.10,0.16,-0.00,11.77
2,17.37,-0.61,6.73,-1.63,-0.58,-0.00,11.77
3,11.99,1.26,6.73,0.14,-0.15,-0.00,11.77
4,15.35,2.17,6.73,-0.50,0.17,-0.00,11.77
0,11.02,-2.09,6.73,-0.20,0.14,-0.00,11.77
1,14.38,-1.34,6.73,0.36,-0.26,-0.00,11.77
2,17.20,-0.63,6.73,-1.75,-0.24,-0.00,11.77
3,11.96,1.28,6.73,-0.24,0.20,-0.00,11.77
4,15.39,2.17,6.73,0.45,0.03,-0.00,11.77
0,10.99,-2.09,6.73,-0.32,0.03,-0.00,11.77
1,14.36,-1.33,6.73,-0.20,0.13,-0.00,11.77
2,17.06,-0.68,6.73,-1.34,-0.47,-0.00,11.77
3,11.99,1.26,6.73,0.26,-0.21,-0.00,11.77
4,15.33,2.19,6.73,-0.58,0.19,-0.00,11.77
0,10.95,-2.13,6.73,-0.36,-0.42,-0.00,11.77
1,14.34,-1.32,6.73,-0.26,0.02,-0.00,11.77
2,16.96,-0.74,6.73,-1.03,-0.63,-0.00,11.77
3,11.96,1.29,6.73,-0.27,0.26,-0.00,11.77
4,15.34,2.22,6.73,0.02,0.35,-0.00,11.77
0,10.92,-2.13,6.73,-0.31,0.02,-0.00,11.77
1,14.31,-1.31,6.73,-0.26,0.14,-0.00,11.77
2,16.88,-0.82,6.73,-0.79,-0.75,-0.00,11.77
3,11.99,1.27,6.73,0.26,-0.22,-0.00,11.77
4,15.28,2.24,6.73,-0.53,0.19,-0.00,11.77
0,10.91,-2.12,6.73,-0.17,0.14,-0.00,11.77
1,14.32,-1.34,6.73,0.11,-0.29,-0.00,11.77
2,16.82,-0.90,6.73,-0.62,-0.84,-0.00,11.77
3,11.91,1.27,6.73,-0.73,0.06,-0.00,11.77
4,15.24,2.26,6.73,-0.41,0.21,-0.00,11.77
0,10.93,-2.10,6.73,0.28,0.15,-0.00,11.77
1,14.23,-1.34,6.73,-0.90,0.02,-0.00,11.77
2,16.66,-0.94,6.73,-1.62,-0.43,-0.00,11.77
3,11.88,1.24,6.73,-0.39,-0.31,-0.00,11.77
4,15.29,2.26,6.73,0.48,-0.07,-0.00,11.77
0,10.93,-2.15,6.73,-0.00,-0.45,-0.00,11.77
1,14.32,-1.35,6.73,0.87,-0.14,-0.00,11.77
2,16.54,-1.01,6.73,-1.17,-0.62,-0.00,11.77
3,11.86,1.28,6.73,-0.13,0.33,-0.00,11.77
4,15.25,2.29,6.73,-0.36,0.32,-0.00,11.77
0,10.96,-2.12,6.73,0.29,0.26,-0.00,11.77
1,14.27,-1.35,6.73,-0.47,0.05,-0.00,11.77
2,16.34,-1.03,6.73,-1.99,-0.26,-0.00,11.77
3,11.89,1.25,6.73,0.25,-0.22,-0.00,11.77
4,15.23,2.25,6.73,-0.24,-0.37,-0.00,11.77
0,10.99,-2.10,6.73,0.24,0.16,-0.00,11.77
1,14.22,-1.34,6.73,-0.53,0.05,-0.00,11.77
2,16.21,-1.08,6.73,-1.30,-0.50,-0.00,11.77
3,11.86,1.23,6.73,-0.31,-0.29,-0.00,11.77
4,15.24,2.30,6.73,0.15,0.49,-0.00,11.77
0,10.95,-2.15,6.73,-0.40,-0.46,-0.00,11.77
1,14.31,-1.36,6.73,0.88,-0.14,-0.00,11.77
2,16.11,-1.08,6.73,-1.05,-0.03,-0.00,11.77
3,11.84,1.26,6.73,-0.14,0.32,-0.00,11.77
4,15.22,2.26,6.73,-0.26,-0.37,-0.00,11.77
0,10.92,-2.15,6.73,-0.24,0.04,-0.00,11.77
1,14.24,-1.35,6.73,-0.69,0.03,-0.00,11.77
2,15.94,-1.13,6.73,-1.71,-0.41,-0.00,11.77
3,11.86,1.24,6.73,0.14,-0.15,-0.00,11.77
4,15.19,2.30,6.73,-0.28,0.35,-0.00,11.77
0,10.89,-2.14,6.73,-0.35,0.11,-0.00,11.77
1,14.17,-1.35,6.73,-0.67,0.07,-0.00,11.77
2,15.82,-1.12,6.73,-1.12,0.07,-0.00,11.77
3,11.82,1.20,6.73,-0.35,-0.40,-0.00,11.77
4,15.23,2.29,6.73,0.43,-0.06,-0.00,11.77
0,10.90,-2.17,6.73,0.11,-0.32,-0.00,11.77
1,14.09,-1.39,6.73,-0.85,-0.42,-0.00,11.77
2,15.66,-1.15,6.73,-1.67,-0.32,-0.00,11.77
3,11.82,1.28,6.73,-0.02,0.81,-0.00,11.77
4,15.21,2.33,6.73,-0.24,0.36,-0.00,11.77
0,10.87,-2.15,6.73,-0.27,0.13,-0.00,11.77
1,14.01,-1.38,6.73,-0.80,0.12,-0.00,11.77
2,15.43,-1.15,6.73,-2.27,-0.02,-0.00,11.77
3,11.83,1.28,6.73,0.07,-0.08,-0.00,11.77
4,15.18,2.30,6.73,-0.25,-0.27,-0.00,11.77
0,10.90,-2.13,6.73,0.24,0.26,-0.00,11.77
1,13.95,-1.41,6.73,-0.54,-0.37,-0.00,11.77
2,15.31,-1.17,6.73,-1.19,-0.20,-0.00,11.77
3,11.81,1.30,6.73,-0.19,0.25,-0.00,11.77
4,15.15,2.32,6.73,-0.34,0.23,-0.00,11.77
0,10.91,-2.12,6.73,0.13,0.13,-0.00,11.77
1,13.90,-1.45,6.73,-0.58,-0.41,-0.00,11.77
2,15.27,-1.14,6.73,-0.42,0.33,-0.00,11.77
3,11.73,1.32,6.73,-0.81,0.15,-0.00,11.77
4,15.13,2.29,6.73,-0.18,-0.34,-0.00,11.77
0,10.88,-2.10,6.73,-0.32,0.13,-0.00,11.77
1,13.81,-1.45,6.73,-0.87,0.00,-0.00,11.77
2,15.29,-1.13,6.73,0.18,0.08,-0.00,11.77
3,11.75,1.30,6.73,0.22,-0.22,-0.00,11.77
4,15.13,2.28,6.73,-0.04,-0.11,-0.00,11.77
0,10.84,-2.09,6.73,-0.33,0.13,-0.00,11.77
1,13.74,-1.46,6.73,-0.69,-0.04,-0.00,11.77
2,15.33,-1.14,6.73,0.41,-0.07,-0.00,11.77
3,11.74,1.32,6.73,-0.14,0.27,-0.00,11.77
4,15.11,2.26,6.73,-0.16,-0.24,-0.00,11.77
0,10.80,-2.10,6.73,-0.48,-0.10,-0.00,11.77
1,13.71,-1.51,6.73,-0.33,-0.52,-0.00,11.77
2,15.39,-1.17,6.73,0.59,-0.28,-0.00,11.77
3,11.72,1.35,6.73,-0.13,0.27,-0.00,11.77
4,15.10,2.30,6.73,-0.14,0.49,-0.00,11.77
0,10.75,-2.10,6.73,-0.45,0.00,-0.00,11.77
1,13.68,-1.55,6.73,-0.22,-0.41,-0.00,11.77
2,15.44,-1.20,6.73,0.54,-0.35,-0.00,11.77
3,11.70,1.37,6.73,-0.21,0.23,-0.00,11.77
4,15.07,2.28,6.73,-0.26,-0.27,-0.00,11.77
0,10.72,-2.09,6.73,-0.32,0.14,-0.00,11.77
1,13.74,-1.52,6.73,0.58,0.31,-0.00,11.77
2,15.48,-1.18,6.73,0.40,0.19,-0.00,11.77
3,11.67,1.33,6.73,-0.35,-0.39,-0.00,11.77
4,15.06,2.24,6.73,-0.16,-0.34,-0.00,11.77
0,10.69,-2.07,6.73,-0.29,0.15,-0.00,11.77
1,13.69,-1.51,6.73,-0.56,0.09,-0.00,11.77
2,15.41,-1.21,6.73,-0.72,-0.26,-0.00,11.77
3,11.69,1.31,6.73,0.23,-0.23,-0.00,11.77
4,15.05,2.23,6.73,-0.04,-0.11,-0.00,11.77
0,10.66,-2.06,6.73,-0.31,0.14,-0.00,11.77
1,13.66,-1.55,6.73,-0.23,-0.39,-0.00,11.77
2,15.37,-1.25,6.73,-0.38,-0.37,-0.00,11.77
3,11.62,1.32,6.73,-0.71,0.10,-0.00,11.77
4,15.08,2.27,6.73,0.24,0.39,-0.00,11.77
0,10.63,-2.04,6.73,-0.31,0.15,-0.00,11.77
1,13.61,-1.54,6.73,-0.59,0.09,-0.00,11.77
2,15.35,-1.23,6.73,-0.19,0.16,-0.00,11.77
3,11.63,1.32,6.73,0.10,0.03,-0.00,11.77
4,15.05,2.23,6.73,-0.28,-0.37,-0.00,11.77
0,10.60,-2.03,6.73,-0.31,0.15,-0.00,11.77
1,13.69,-1.57,6.73,0.88,-0.31,-0.00,11.77
2,15.35,-1.24,6.73,-0.04,-0.07,-0.00,11.77
3,11.61,1.36,6.73,-0.21,0.34,-0.00,11.77
4,15.01,2.26,6.73,-0.33,0.24,-0.00,11.77
0,10.62,-2.00,6.73,0.28,0.25,-0.00,11.77
1,13.63,-1.57,6.73,-0.63,0.05,-0.00,11.77
2,15.37,-1.19,6.73,0.20,0.43,-0.00,11.77
3,11.63,1.33,6.73,0.22,-0.23,-0.00,11.77
4,14.99,2.22,6.73,-0.27,-0.36,-0.00,11.77
0,10.56,-2.05,6.73,-0.61,-0.44,-0.00,11.77
1,13.63,-1.55,6.73,-0.02,0.20,-0.00,11.77
2,15.28,-1.16,6.73,-0.85,0.36,-0.00,11.77
3,11.66,1.37,6.73,0.30,0.32,-0.00,11.77
4,15.02,2.21,6.73,0.32,-0.11,-0.00,11.77
0,10.52,-2.03,6.73,-0.41,0.13,-0.00,11.77
1,13.57,-1.54,6.73,-0.61,0.02,-0.00,11.77
2,15.24,-1.15,6.73,-0.45,0.11,-0.00,11.77
3,11.62,1.34,6.73,-0.44,-0.29,-0.00,11.77
4,15.00,2.24,6.73,-0.24,0.29,-0.00,11.77
0,10.49,-2.02,6.73,-0.30,0.16,-0.00,11.77
1,13.48,-1.60,6.73,-0.83,-0.57,-0.00,11.77
2,15.24,-1.16,6.73,0.01,-0.10,-0.00,11.77
3,11.55,1.35,6.73,-0.70,0.12,-0.00,11.77
4,15.02,2.28,6.73,0.25,0.41,-0.00,11.77
0,10.45,-2.01,6.73,-0.46,0.04,-0.00,11.77
1,13.43,-1.62,6.73,-0.48,-0.19,-0.00,11.77
2,15.24,-1.18,6.73,0.05,-0.20,-0.00,11.77
3,11.57,1.33,6.73,0.22,-0.23,-0.00,11.77
4,14.99,2.30,6.73,-0.32,0.24,-0.00,11.77
0,10.40,-2.01,6.73,-0.47,0.05,-0.00,11.77
1,13.42,-1.68,6.73,-0.19,-0.59,-0.00,11.77
2,15.14,-1.23,6.73,-1.00,-0.52,-0.00,11.77
3,11.57,1.31,6.73,0.06,-0.17,-0.00,11.77
4,14.95,2.33,6.73,-0.33,0.22,-0.00,11.77
0,10.35,-2.00,6.73,-0.45,0.05,-0.00,11.77
1,13.36,-1.68,6.73,-0.52,-0.02,-0.00,11.77
2,15.07,-1.23,6.73,-0.69,0.03,-0.00,11.77
3,11.59,1.28,6.73,0.20,-0.23,-0.00,11.77
4,14.94,2.30,6.73,-0.16,-0.26,-0.00,11.77
0,10.31,-1.99,6.73,-0.43,0.16,-0.00,11.77
1,13.34,-1.74,6.73,-0.21,-0.54,-0.00,11.77
2,15.03,-1.18,6.73,-0.46,0.43,-0.00,11.77
3,11.58,1.32,6.73,-0.18,0.36,-0.00,11.77
4,14.97,2.30,6.73,0.34,0.02,-0.00,11.77
0,10.27,-1.97,6.73,-0.42,0.17,-0.00,11.77
1,13.24,-1.76,6.73,-1.04,-0.22,-0.00,11.77
2,15.00,-1.16,6.73,-0.29,0.26,-0.00,11.77
3,11.59,1.31,6.73,0.15,-0.06,-0.00,11.77
4,14.94,2.33,6.73,-0.31,0.23,-0.00,11.77
0,10.22,-1.97,6.73,-0.49,-0.02,-0.00,11.77
1,13.23,-1.82,6.73,-0.13,-0.61,-0.00,11.77
2,14.87,-1.18,6.73,-1.25,-0.20,-0.00,11.77
3,11.55,1.28,6.73,-0.43,-0.31,-0.00,11.77
4,14.97,2.37,6.73,0.26,0.40,-0.00,11.77
0,10.18,-1.96,6.73,-0.36,0.12,-0.00,11.77
1,13.22,-1.81,6.73,-0.05,0.09,-0.00,11.77
2,14.80,-1.13,6.73,-0.75,0.51,-0.00,11.77
3,11.56,1.27,6.73,0.11,-0.15,-0.00,11.77
4,14.93,2.33,6.73,-0.32,-0.38,-0.00,11.77
0,10.15,-1.95,6.73,-0.35,0.13,-0.00,11.77
1,13.19,-1.90,6.73,-0.26,-0.86,-0.00,11.77
2,14.76,-1.08,6.73,-0.40,0.45,-0.00,11.77
3,11.55,1.30,6.73,-0.11,0.31,-0.00,11.77
4,14.91,2.30,6.73,-0.29,-0.28,-0.00,11.77
0,10.18,-1.92,6.73,0.29,0.25,-0.00,11.77
1,13.15,-1.94,6.73,-0.47,-0.41,-0.00,11.77
2,14.73,-1.04,6.73,-0.33,0.42,-0.00,11.77
3,11.57,1.28,6.73,0.18,-0.22,-0.00,11.77
4,14.88,2.32,6.73,-0.28,0.25,-0.00,11.77
0,10.12,-1.95,6.73,-0.56,-0.30,-0.00,11.77
1,13.11,-1.98,6.73,-0.40,-0.44,-0.00,11.77
2,14.69,-1.00,6.73,-0.34,0.41,-0.00,11.77
3,11.55,1.29,6.73,-0.16,0.15,-0.00,11.77
4,14.91,2.31,6.73,0.29,-0.10,-0.00,11.77
0,10.09,-1.93,6.73,-0.32,0.26,-0.00,11.77
1,13.08,-2.02,6.73,-0.30,-0.34,-0.00,11.77
2,14.65,-0.96,6.73,-0.40,0.41,-0.00,11.77
3,11.56,1.27,6.73,0.08,-0.25,-0.00,11.77
4,14.88,2.35,6.73,-0.22,0.38,-0.00,11.77
0,10.06,-1.90,6.73,-0.31,0.27,-0.00,11.77
1,13.05,-2.05,6.73,-0.27,-0.37,-0.00,11.77
2,14.62,-0.86,6.73,-0.35,1.00,-0.00,11.77
3,11.52,1.23,6.73,-0.40,-0.40,-0.00,11.77
4,14.92,2.41,6.73,0.35,0.56,-0.00,11.77
0,10.00,-1.93,6.73,-0.56,-0.26,-0.00,11.77
1,13.03,-2.09,6.73,-0.20,-0.40,-0.00,11.77
2,14.57,-0.78,6.73,-0.46,0.79,-0.00,11.77
3,11.54,1.22,6.73,0.22,-0.11,-0.00,11.77
4,14.89,2.44,6.73,-0.26,0.26,-0.00,11.77
0,9.95,-1.95,6.73,-0.56,-0.24,-0.00,11.77
1,13.02,-2.13,6.73,-0.15,-0.42,-0.00,11.77
2,14.52,-0.65,6.73,-0.52,1.30,-0.00,11.77
3,11.58,1.25,6.73,0.43,0.34,-0.00,11.77
4,14.88,2.48,6.73,-0.11,0.43,-0.00,11.77
0,9.92,-1.92,6.73,-0.28,0.31,-0.00,11.77
1,13.01,-2.19,6.73,-0.04,-0.53,-0.00,11.77
2,14.49,-0.58,6.73,-0.29,0.72,-0.00,11.77
3,11.58,1.24,6.73,-0.05,-0.09,-0.00,11.77
4,14.86,2.45,6.73,-0.20,-0.26,-0.00,11.77
0,9.89,-1.89,6.73,-0.27,0.32,-0.00,11.77
1,13.01,-2.18,6.73,-0.04,0.10,-0.00,11.77
2,14.41,-0.61,6.73,-0.81,-0.36,-0.00,11.77
3,11.54,1.25,6.73,-0.36,0.12,-0.00,11.77
4,14.85,2.50,6.73,-0.09,0.47,-0.00,11.77
0,9.86,-1.86,6.73,-0.32,0.21,-0.00,11.77
1,12.94,-2.22,6.73,-0.63,-0.46,-0.00,11.77
2,14.36,-0.65,6.73,-0.53,-0.40,-0.00,11.77
3,11.50,1.26,6.73,-0.46,0.08,-0.00,11.77
4,14.83,2.53,6.73,-0.24,0.26,-0.00,11.77
0,9.82,-1.85,6.73,-0.42,0.19,-0.00,11.77
1,12.94,-2.28,6.73,-0.05,-0.52,-0.00,11.77
2,14.32,-0.69,6.73,-0.35,-0.42,-0.00,11.77
3,11.45,1.27,6.73,-0.45,0.08,-0.00,11.77
4,14.82,2.55,6.73,-0.14,0.28,-0.00,11.77
0,9.85,-1.82,6.73,0.31,0.25,-0.00,11.77
1,12.87,-2.34,6.73,-0.67,-0.60,-0.00,11.77
2,14.30,-0.73,6.73,-0.24,-0.40,-0.00,11.77
3,11.41,1.29,6.73,-0.38,0.22,-0.00,11.77
4,14.79,2.54,6.73,-0.24,-0.17,-0.00,11.77
0,9.85,-1.85,6.73,0.03,-0.29,-0.00,11.77
1,12.87,-2.40,6.73,0.02,-0.64,-0.00,11.77
2,14.23,-0.74,6.73,-0.67,-0.06,-0.00,11.77
3,11.46,1.32,6.73,0.43,0.31,-0.00,11.77
4,14.78,2.57,6.73,-0.09,0.34,-0.00,11.77
0,9.82,-1.81,6.73,-0.28,0.36,-0.00,11.77
1,12.82,-2.45,6.73,-0.58,-0.45,-0.00,11.77
2,14.14,-0.72,6.73,-0.93,0.16,-0.00,11.77
3,11.41,1.33,6.73,-0.43,0.10,-0.00,11.77
4,14.76,2.61,6.73,-0.18,0.35,-0.00,11.77
0,9.80,-1.78,6.73,-0.29,0.38,-0.00,11.77
1,12.82,-2.50,6.73,0.02,-0.57,-0.00,11.77
2,14.06,-0.72,6.73,-0.72,0.02,-0.00,11.77
3,11.38,1.36,6.73,-0.38,0.26,-0.00,11.77
4,14.74,2.63,6.73,-0.23,0.20,-0.00,11.77
0,9.76,-1.74,6.73,-0.37,0.36,-0.00,11.77
1,12.77,-2.56,6.73,-0.48,-0.58,-0.00,11.77
2,14.00,-0.73,6.73,-0.62,-0.06,-0.00,11.77
3,11.34,1.37,6.73,-0.34,0.15,-0.00,11.77
4,14.73,2.66,6.73,-0.08,0.31,-0.00,11.77
0,9.75,-1.78,6.73,-0.12,-0.41,-0.00,11.77
1,12.78,-2.62,6.73,0.06,-0.61,-0.00,11.77
2,13.95,-0.74,6.73,-0.57,-0.11,-0.00,11.77
3,11.32,1.45,6.73,-0.20,0.76,-0.00,11.77
4,14.71,2.67,6.73,-0.22,0.17,-0.00,11.77
0,9.72,-1.74,6.73,-0.26,0.41,-0.00,11.77
1,12.78,-2.68,6.73,0.08,-0.62,-0.00,11.77
2,13.89,-0.75,6.73,-0.58,-0.13,-0.00,11.77
3,11.29,1.46,6.73,-0.32,0.15,-0.00,11.77
4,14.69,2.69,6.73,-0.21,0.16,-0.00,11.77
0,9.75,-1.72,6.73,0.29,0.25,-0.00,11.77
1,12.79,-2.75,6.73,0.09,-0.64,-0.00,11.77
2,13.79,-0.78,6.73,-0.94,-0.31,-0.00,11.77
3,11.30,1.46,6.73,0.05,-0.06,-0.00,11.77
4,14.66,2.66,6.73,-0.30,-0.32,-0.00,11.77
0,9.70,-1.69,6.73,-0.48,0.27,-0.00,11.77
1,12.80,-2.83,6.73,0.06,-0.84,-0.00,11.77
2,13.71,-0.76,6.73,-0.82,0.24,-0.00,11.77
3,11.26,1.47,6.73,-0.32,0.17,-0.00,11.77
4,14.64,2.64,6.73,-0.15,-0.14,-0.00,11.77
0,9.67,-1.66,6.73,-0.36,0.31,-0.00,11.77
1,12.81,-2.92,6.73,0.09,-0.84,-0.00,11.77
2,13.63,-0.70,6.73,-0.78,0.61,-0.00,11.77
3,11.27,1.46,6.73,0.10,-0.18,-0.00,11.77
4,14.61,2.60,6.73,-0.35,-0.42,-0.00,11.77
0,9.63,-1.63,6.73,-0.34,0.32,-0.00,11.77
1,12.85,-2.92,6.73,0.43,-0.06,-0.00,11.77
2,13.56,-0.61,6.73,-0.79,0.83,-0.00,11.77
3,11.24,1.49,6.73,-0.30,0.29,-0.00,11.77
4,14.60,2.62,6.73,-0.08,0.21,-0.00,11.77
0,9.60,-1.59,6.73,-0.33,0.32,-0.00,11.77
1,12.87,-2.99,6.73,0.21,-0.64,-0.00,11.77
2,13.39,-0.60,6.73,-1.68,0.11,-0.00,11.77
3,11.21,1.52,6.73,-0.31,0.30,-0.00,11.77
4,14.59,2.64,6.73,-0.16,0.18,-0.00,11.77
0,9.63,-1.57,6.73,0.36,0.20,-0.00,11.77
1,12.86,-2.95,6.73,-0.09,0.34,-0.00,11.77
2,13.21,-0.68,6.73,-1.79,-0.77,-0.00,11.77
3,11.18,1.55,6.73,-0.32,0.32,-0.00,11.77
4,14.58,2.66,6.73,-0.06,0.18,-0.00,11.77
0,9.63,-1.61,6.73,-0.08,-0.32,-0.00,11.77
1,12.84,-3.00,6.73,-0.26,-0.50,-0.00,11.77
2,13.05,-0.68,6.73,-1.58,-0.04,-0.00,11.77
3,11.17,1.63,6.73,-0.07,0.78,-0.00,11.77
4,14.54,2.62,6.73,-0.37,-0.43,-0.00,11.77
0,9.65,-1.58,6.73,0.25,0.24,-0.00,11.77
1,12.82,-3.05,6.73,-0.20,-0.48,-0.00,11.77
2,12.90,-0.64,6.73,-1.50,0.43,-0.00,11.77
3,11.17,1.62,6.73,-0.05,-0.09,-0.00,11.77
4,14.51,2.58,6.73,-0.37,-0.41,-0.00,11.77
0,9.57,-1.55,6.73,-0.79,0.29,-0.00,11.77
1,12.86,-3.12,6.73,0.39,-0.69,-0.00,11.77
2,12.80,-0.56,6.73,-0.96,0.77,-0.00,11.77
3,11.12,1.66,6.73,-0.47,0.43,-0.00,11.77
4,14.49,2.55,6.73,-0.19,-0.29,-0.00,11.77
0,9.54,-1.55,6.73,-0.33,0.07,-0.00,11.77
1,12.84,-3.16,6.73,-0.11,-0.38,-0.00,11.77
2,12.75,-0.46,6.73,-0.55,1.02,-0.00,11.77
3,11.07,1.62,6.73,-0.48,-0.36,-0.00,11.77
4,14.51,2.54,6.73,0.26,-0.07,-0.00,11.77
0,9.52,-1.54,6.73,-0.22,0.01,-0.00,11.77
1,12.84,-3.15,6.73,-0.05,0.14,-0.00,11.77
2,12.70,-0.40,6.73,-0.54,0.62,-0.00,11.77
3,11.03,1.67,6.73,-0.41,0.42,-0.00,11.77
4,14.52,2.57,6.73,0.09,0.32,-0.00,11.77
0,9.55,-1.53,6.73,0.29,0.17,-0.00,11.77
1,12.83,-3.14,6.73,-0.10,0.05,-0.00,11.77
2,12.64,-0.37,6.73,-0.54,0.33,-0.00,11.77
3,10.99,1.71,6.73,-0.41,0.49,-0.00,11.77
4,14.52,2.58,6.73,-0.06,0.12,-0.00,11.77
0,9.52,-1.53,6.73,-0.24,-0.02,-0.00,11.77
1,12.82,-3.17,6.73,-0.08,-0.31,-0.00,11.77
2,12.61,-0.31,6.73,-0.31,0.56,-0.00,11.77
3,10.96,1.76,6.73,-0.30,0.44,-0.00,11.77
4,14.50,2.57,6.73,-0.15,-0.19,-0.00,11.77
0,9.50,-1.53,6.73,-0.23,-0.02,-0.00,11.77
1,12.82,-3.14,6.73,-0.01,0.31,-0.00,11.77
2,12.55,-0.25,6.73,-0.59,0.62,-0.00,11.77
3,10.93,1.82,6.73,-0.36,0.59,-0.00,11.77
4,14.49,2.55,6.73,-0.15,-0.12,-0.00,11.77
0,9.48,-1.53,6.73,-0.23,-0.03,-0.00,11.77
1,12.81,-3.10,6.73,-0.10,0.36,-0.00,11.77
2,12.49,-0.22,6.73,-0.63,0.30,-0.00,11.77
3,10.89,1.85,6.73,-0.35,0.35,-0.00,11.77
4,14.48,2.57,6.73,-0.03,0.12,-0.00,11.77
0,9.44,-1.53,6.73,-0.33,0.01,-0.00,11.77
1,12.82,-3.15,6.73,0.10,-0.46,-0.00,11.77
2,12.45,-0.17,6.73,-0.41,0.50,-0.00,11.77
3,10.90,1.83,6.73,0.12,-0.22,-0.00,11.77
4,14.48,2.58,6.73,-0.03,0.11,-0.00,11.77
0,9.42,-1.54,6.73,-0.22,-0.04,-0.00,11.77
1,12.81,-3.19,6.73,-0.10,-0.40,-0.00,11.77
2,12.39,-0.15,6.73,-0.53,0.18,-0.00,11.77
3,10.85,1.88,6.73,-0.52,0.50,-0.00,11.77
4,14.47,2.56,6.73,-0.15,-0.19,-0.00,11.77
0,9.40,-1.54,6.73,-0.22,-0.05,-0.00,11.77
1,12.81,-3.21,6.73,-0.05,-0.22,-0.00,11.77
2,12.29,-0.24,6.73,-1.08,-0.86,-0.00,11.77
3,10.81,1.92,6.73,-0.45,0.35,-0.00,11.77
4,14.46,2.57,6.73,-0.01,0.10,-0.00,11.77
0,9.43,-1.53,6.73,0.29,0.17,-0.00,11.77
1,12.80,-3.24,6.73,-0.03,-0.24,-0.00,11.77
2,12.23,-0.32,6.73,-0.60,-0.87,-0.00,11.77
3,10.77,1.95,6.73,-0.31,0.35,-0.00,11.77
4,14.44,2.54,6.73,-0.25,-0.28,-0.00,11.77
0,9.39,-1.53,6.73,-0.38,-0.03,-0.00,11.77
1,12.80,-3.26,6.73,-0.01,-0.24,-0.00,11.77
2,12.19,-0.35,6.73,-0.36,-0.25,-0.00,11.77
3,10.75,1.99,6.73,-0.23,0.44,-0.00,11.77
4,14.41,2.50,6.73,-0.28,-0.38,-0.00,11.77
0,9.42,-1.51,6.73,0.29,0.17,-0.00,11.77
1,12.81,-3.30,6.73,0.05,-0.38,-0.00,11.77
2,12.17,-0.33,6.73,-0.21,0.19,-0.00,11.77
3,10.73,2.03,6.73,-0.25,0.33,-0.00,11.77
4,14.39,2.48,6.73,-0.23,-0.20,-0.00,11.77
0,9.38,-1.51,6.73,-0.39,-0.02,-0.00,11.77
1,12.81,-3.32,6.73,-0.01,-0.21,-0.00,11.77
2,12.07,-0.31,6.73,-1.03,0.16,-0.00,11.77
3,10.69,2.06,6.73,-0.35,0.32,-0.00,11.77
4,14.35,2.44,6.73,-0.38,-0.38,-0.00,11.77
0,9.35,-1.52,6.73,-0.31,-0.08,-0.00,11.77
1,12.81,-3.34,6.73,-0.00,-0.19,-0.00,11.77
2,11.93,-0.30,6.73,-1.38,0.12,-0.00,11.77
3,10.66,2.11,6.73,-0.30,0.50,-0.00,11.77
4,14.31,2.41,6.73,-0.39,-0.37,-0.00,11.77
0,9.30,-1.53,6.73,-0.43,-0.05,-0.00,11.77
1,12.81,-3.35,6.73,0.01,-0.16,-0.00,11.77
2,11.83,-0.26,6.73,-0.95,0.39,-0.00,11.77
3,10.64,2.14,6.73,-0.22,0.35,-0.00,11.77
4,14.30,2.40,6.73,-0.10,-0.08,-0.00,11.77
0,9.26,-1.53,6.73,-0.43,-0.07,-0.00,11.77
1,12.81,-3.37,6.73,0.02,-0.14,-0.00,11.77
2,11.77,-0.21,6.73,-0.66,0.56,-0.00,11.77
3,10.62,2.18,6.73,-0.21,0.37,-0.00,11.77
4,14.26,2.36,6.73,-0.39,-0.36,-0.00,11.77
0,9.29,-1.52,6.73,0.29,0.17,-0.00,11.77
1,12.81,-3.40,6.73,-0.02,-0.28,-0.00,11.77
2,11.72,-0.14,6.73,-0.48,0.65,-0.00,11.77
3,10.59,2.23,6.73,-0.27,0.48,-0.00,11.77
4,14.24,2.34,6.73,-0.24,-0.24,-0.00,11.77
0,9.26,-1.53,6.73,-0.31,-0.15,-0.00,11.77
1,12.79,-3.36,6.73,-0.13,0.39,-0.00,11.77
2,11.69,-0.07,6.73,-0.34,0.69,-0.00,11.77
3,10.57,2.27,6.73,-0.20,0.39,-0.00,11.77
4,14.20,2.30,6.73,-0.39,-0.35,-0.00,11.77
0,9.23,-1.55,6.73,-0.29,-0.16,-0.00,11.77
1,12.79,-3.37,6.73,0.01,-0.08,-0.00,11.77
2,11.58,0.02,6.73,-1.03,0.96,-0.00,11.77
3,10.55,2.31,6.73,-0.20,0.39,-0.00,11.77
4,14.22,2.31,6.73,0.16,0.08,-0.00,11.77
0,9.20,-1.57,6.73,-0.28,-0.18,-0.00,11.77
1,12.78,-3.32,6.73,-0.19,0.49,-0.00,11.77
2,11.48,0.02,6.73,-1.01,-0.09,-0.00,11.77
3,10.53,2.35,6.73,-0.21,0.43,-0.00,11.77
4,14.22,2.32,6.73,0.05,0.06,-0.00,11.77
0,9.15,-1.61,6.73,-0.47,-0.43,-0.00,11.77
1,12.77,-3.27,6.73,-0.09,0.43,-0.00,11.77
2,11.42,-0.02,6.73,-0.62,-0.31,-0.00,11.77
3,10.52,2.40,6.73,-0.14,0.53,-0.00,11.77
4,14.19,2.28,6.73,-0.30,-0.35,-0.00,11.77
0,9.18,-1.60,6.73,0.25,0.06,-0.00,11.77
1,12.75,-3.26,6.73,-0.17,0.14,-0.00,11.77
2,11.39,-0.07,6.73,-0.32,-0.54,-0.00,11.77
3,10.50,2.46,6.73,-0.21,0.52,-0.00,11.77
4,14.15,2.25,6.73,-0.40,-0.34,-0.00,11.77
0,9.21,-1.58,6.73,0.29,0.18,-0.00,11.77
1,12.75,-3.27,6.73,0.05,-0.09,-0.00,11.77
2,11.34,-0.09,6.73,-0.44,-0.18,-0.00,11.77
3,10.49,2.49,6.73,-0.12,0.36,-0.00,11.77
4,14.13,2.24,6.73,-0.25,-0.11,-0.00,11.77
0,9.18,-1.61,6.73,-0.33,-0.24,-0.00,11.77
1,12.76,-3.29,6.73,0.01,-0.24,-0.00,11.77
2,11.27,-0.01,6.73,-0.76,0.75,-0.00,11.77
3,10.48,2.53,6.73,-0.10,0.36,-0.00,11.77
4,14.10,2.22,6.73,-0.25,-0.22,-0.00,11.77
0,9.13,-1.63,6.73,-0.41,-0.19,-0.00,11.77
1,12.74,-3.24,6.73,-0.20,0.48,-0.00,11.77
2,11.22,0.01,6.73,-0.43,0.25,-0.00,11.77
3,10.46,2.57,6.73,-0.21,0.39,-0.00,11.77
4,14.09,2.22,6.73,-0.11,0.01,-0.00,11.77
0,9.09,-1.66,6.73,-0.43,-0.36,-0.00,11.77
1,12.73,-3.20,6.73,-0.09,0.43,-0.00,11.77
2,11.19,-0.01,6.73,-0.33,-0.16,-0.00,11.77
3,10.47,2.54,6.73,0.13,-0.30,-0.00,11.77
4,14.07,2.20,6.73,-0.25,-0.21,-0.00,11.77
0,9.06,-1.69,6.73,-0.28,-0.25,-0.00,11.77
1,12.71,-3.16,6.73,-0.13,0.37,-0.00,11.77
2,11.16,-0.05,6.73,-0.27,-0.45,-0.00,11.77
3,10.46,2.57,6.73,-0.08,0.38,-0.00,11.77
4,14.03,2.16,6.73,-0.39,-0.33,-0.00,11.77
0,9.08,-1.68,6.73,0.14,0.11,-0.00,11.77
1,12.72,-3.17,6.73,0.07,-0.09,-0.00,11.77
2,11.15,-0.10,6.73,-0.20,-0.48,-0.00,11.77
3,10.44,2.61,6.73,-0.17,0.37,-0.00,11.77
4,14.00,2.14,6.73,-0.24,-0.21,-0.00,11.77
0,9.05,-1.70,6.73,-0.30,-0.25,-0.00,11.77
1,12.73,-3.18,6.73,0.08,-0.09,-0.00,11.77
2,11.05,-0.15,6.73,-0.94,-0.46,-0.00,11.77
3,10.44,2.64,6.73,-0.05,0.33,-0.00,11.77
4,13.98,2.12,6.73,-0.24,-0.21,-0.00,11.77
0,9.01,-1.74,6.73,-0.37,-0.40,-0.00,11.77
1,12.74,-3.19,6.73,0.08,-0.08,-0.00,11.77
2,10.96,-0.14,6.73,-0.89,0.02,-0.00,11.77
3,10.44,2.61,6.73,0.03,-0.30,-0.00,11.77
4,13.94,2.09,6.73,-0.40,-0.32,-0.00,11.77
0,8.98,-1.77,6.73,-0.31,-0.28,-0.00,11.77
1,12.71,-3.14,6.73,-0.22,0.45,-0.00,11.77
2,10.90,-0.15,6.73,-0.66,-0.08,-0.00,11.77
3,10.44,2.65,6.73,-0.02,0.34,-0.00,11.77
4,13.90,2.06,6.73,-0.39,-0.31,-0.00,11.77
0,9.01,-1.75,6.73,0.30,0.20,-0.00,11.77
1,12.70,-3.12,6.73,-0.15,0.28,-0.00,11.77
2,10.84,-0.18,6.73,-0.55,-0.29,-0.00,11.77
3,10.44,2.68,6.73,-0.00,0.33,-0.00,11.77
4,13.86,2.04,6.73,-0.35,-0.16,-0.00,11.77
0,8.96,-1.78,6.73,-0.44,-0.28,-0.00,11.77
1,12.71,-3.12,6.73,0.11,-0.07,-0.00,11.77
2,10.77,-0.16,6.73,-0.68,0.18,-0.00,11.77
3,10.39,2.74,6.73,-0.53,0.55,-0.00,11.77
4,13.88,2.00,6.73,0.20,-0.42,-0.00,11.77
0,8.99,-1.76,6.73,0.29,0.20,-0.00,11.77
1,12.68,-3.09,6.73,-0.26,0.30,-0.00,11.77
2,10.71,-0.17,6.73,-0.58,-0.04,-0.00,11.77
3,10.39,2.77,6.73,0.02,0.30,-0.00,11.77
4,13.84,1.97,6.73,-0.39,-0.30,-0.00,11.77
0,8.95,-1.80,6.73,-0.48,-0.46,-0.00,11.77
1,12.66,-3.05,6.73,-0.22,0.44,-0.00,11.77
2,10.68,-0.18,6.73,-0.39,-0.10,-0.00,11.77
3,10.38,2.80,6.73,-0.06,0.31,-0.00,11.77
4,13.81,1.94,6.73,-0.39,-0.30,-0.00,11.77
0,8.90,-1.85,6.73,-0.47,-0.45,-0.00,11.77
1,12.65,-3.01,6.73,-0.14,0.35,-0.00,11.77
2,10.54,-0.13,6.73,-1.31,0.41,-0.00,11.77
3,10.38,2.84,6.73,-0.02,0.45,-0.00,11.77
4,13.78,1.92,6.73,-0.27,-0.23,-0.00,11.77
0,8.87,-1.88,6.73,-0.30,-0.36,-0.00,11.77
1,12.62,-2.97,6.73,-0.23,0.44,-0.00,11.77
2,10.43,-0.05,6.73,-1.16,0.81,-0.00,11.77
3,10.38,2.81,6.73,0.02,-0.31,-0.00,11.77
4,13.75,1.89,6.73,-0.30,-0.31,-0.00,11.77
0,8.85,-1.92,6.73,-0.25,-0.38,-0.00,11.77
1,12.60,-2.93,6.73,-0.24,0.44,-0.00,11.77
2,10.28,-0.06,6.73,-1.47,-0.10,-0.00,11.77
3,10.33,2.88,6.73,-0.56,0.65,-0.00,11.77
4,13.79,1.86,6.73,0.44,-0.27,-0.00,11.77
0,8.82,-1.97,6.73,-0.24,-0.43,-0.00,11.77
1,12.59,-2.89,6.73,-0.13,0.39,-0.00,11.77
2,10.17,-0.07,6.73,-1.17,-0.07,-0.00,11.77
3,10.34,2.90,6.73,0.10,0.28,-0.00,11.77
4,13.75,1.83,6.73,-0.42,-0.28,-0.00,11.77
0,8.80,-2.02,6.73,-0.26,-0.59,-0.00,11.77
1,12.58,-2.86,6.73,-0.03,0.31,-0.00,11.77
2,10.07,-0.07,6.73,-1.00,-0.00,-0.00,11.77
3,10.35,2.88,6.73,0.17,-0.20,-0.00,11.77
4,13.72,1.81,6.73,-0.28,-0.22,-0.00,11.77
0,8.78,-2.07,6.73,-0.18,-0.46,-0.00,11.77
1,12.57,-2.84,6.73,-0.18,0.19,-0.00,11.77
2,9.97,-0.06,6.73,-0.93,0.06,-0.00,11.77
3,10.37,2.91,6.73,0.15,0.27,-0.00,11.77
4,13.68,1.78,6.73,-0.41,-0.27,-0.00,11.77
0,8.75,-2.12,6.73,-0.26,-0.45,-0.00,11.77
1,12.54,-2.80,6.73,-0.24,0.41,-0.00,11.77
2,9.88,-0.05,6.73,-0.93,0.13,-0.00,11.77
3,10.38,2.95,6.73,0.12,0.43,-0.00,11.77
4,13.66,1.76,6.73,-0.27,-0.21,-0.00,11.77
0,8.78,-2.09,6.73,0.30,0.24,-0.00,11.77
1,12.51,-2.77,6.73,-0.28,0.27,-0.00,11.77
2,9.78,-0.03,6.73,-0.97,0.20,-0.00,11.77
3,10.34,3.00,6.73,-0.38,0.44,-0.00,11.77
4,13.62,1.73,6.73,-0.31,-0.30,-0.00,11.77
0,8.77,-2.14,6.73,-0.10,-0.52,-0.00,11.77
1,12.49,-2.73,6.73,-0.25,0.40,-0.00,11.77
2,9.63,-0.08,6.73,-1.56,-0.51,-0.00,11.77
3,10.36,3.02,6.73,0.19,0.22,-0.00,11.77
4,13.60,1.72,6.73,-0.27,-0.14,-0.00,11.77
0,8.72,-2.14,6.73,-0.58,0.08,-0.00,11.77
1,12.46,-2.69,6.73,-0.27,0.38,-0.00,11.77
2,9.45,-0.09,6.73,-1.78,-0.11,-0.00,11.77
3,10.35,3.01,6.73,-0.06,-0.15,-0.00,11.77
4,13.64,1.68,6.73,0.43,-0.31,-0.00,11.77
0,8.59,-2.19,6.73,-1.29,-0.50,-0.00,11.77
1,12.44,-2.67,6.73,-0.22,0.22,-0.00,11.77
2,9.23,-0.15,6.73,-2.15,-0.54,-0.00,11.77
3,10.38,3.02,6.73,0.21,0.18,-0.00,11.77
4,13.60,1.67,6.73,-0.42,-0.12,-0.00,11.77
0,8.42,-2.26,6.73,-1.69,-0.77,-0.00,11.77
1,12.41,-2.64,6.73,-0.34,0.24,-0.00,11.77
2,9.03,-0.15,6.73,-2.01,-0.01,-0.00,11.77
3,10.39,3.06,6.73,0.19,0.32,-0.00,11.77
4,13.62,1.63,6.73,0.25,-0.43,-0.00,11.77
0,8.23,-2.35,6.73,-1.91,-0.92,-0.00,11.77
1,12.38,-2.61,6.73,-0.31,0.37,-0.00,11.77
2,8.78,-0.19,6.73,-2.52,-0.45,-0.00,11.77
3,10.41,3.07,6.73,0.12,0.13,-0.00,11.77
4,13.59,1.62,6.73,-0.28,-0.08,-0.00,11.77
0,7.98,-2.48,6.73,-2.48,-1.28,-0.00,11.77
1,12.36,-2.58,6.73,-0.18,0.29,-0.00,11.77
2,8.57,-0.13,6.73,-2.08,0.62,-0.00,11.77
3,10.40,3.02,6.73,-0.04,-0.47,-0.00,11.77
4,13.54,1.60,6.73,-0.51,-0.26,-0.00,11.77
0,7.73,-2.61,6.73,-2.48,-1.30,-0.00,11.77
1,12.32,-2.54,6.73,-0.35,0.36,-0.00,11.77
2,8.37,-0.01,6.73,-2.04,1.26,-0.00,11.77
3,10.36,3.03,6.73,-0.40,0.04,-0.00,11.77
4,13.55,1.54,6.73,0.03,-0.50,-0.00,11.77
0,7.49,-2.73,6.73,-2.44,-1.19,-0.00,11.77
1,12.30,-2.52,6.73,-0.20,0.27,-0.00,11.77
2,8.18,0.15,6.73,-1.88,1.53,-0.00,11.77
3,10.36,2.98,6.73,-0.07,-0.45,-0.00,11.77
4,13.49,1.52,6.73,-0.53,-0.24,-0.00,11.77
0,7.26,-2.82,6.73,-2.23,-0.83,-0.00,11.77
1,12.27,-2.50,6.73,-0.31,0.20,-0.00,11.77
2,7.99,0.31,6.73,-1.87,1.66,-0.00,11.77
3,10.32,2.99,6.73,-0.40,0.05,-0.00,11.77
4,13.45,1.51,6.73,-0.41,-0.16,-0.00,11.77
0,7.04,-2.88,6.73,-2.18,-0.68,-0.00,11.77
1,12.24,-2.48,6.73,-0.32,0.20,-0.00,11.77
2,7.81,0.49,6.73,-1.83,1.79,-0.00,11.77
3,10.27,2.98,6.73,-0.50,-0.00,-0.00,11.77
4,13.46,1.47,6.73,0.03,-0.36,-0.00,11.77
0,6.83,-2.93,6.73,-2.11,-0.49,-0.00,11.77
1,12.20,-2.44,6.73,-0.38,0.37,-0.00,11.77
2,7.60,0.62,6.73,-2.06,1.27,-0.00,11.77
3,10.30,2.98,6.73,0.32,-0.00,-0.00,11.77
4,13.42,1.45,6.73,-0.36,-0.20,-0.00,11.77
0,6.65,-2.89,6.73,-1.78,0.41,-0.00,11.77
1,12.18,-2.41,6.73,-0.22,0.26,-0.00,11.77
2,7.41,0.69,6.73,-1.92,0.71,-0.00,11.77
3,10.23,2.98,6.73,-0.71,-0.01,-0.00,11.77
4,13.40,1.44,6.73,-0.25,-0.12,-0.00,11.77
0,6.50,-2.80,6.73,-1.55,0.93,-0.00,11.77
1,12.14,-2.38,6.73,-0.40,0.36,-0.00,11.77
2,7.22,0.72,6.73,-1.92,0.26,-0.00,11.77
3,10.21,2.95,6.73,-0.20,-0.38,-0.00,11.77
4,13.36,1.42,6.73,-0.36,-0.18,-0.00,11.77
0,6.35,-2.68,6.73,-1.50,1.22,-0.00,11.77
1,12.13,-2.37,6.73,-0.16,0.12,-0.00,11.77
2,7.04,0.72,6.73,-1.78,0.01,-0.00,11.77
3,10.18,2.92,6.73,-0.27,-0.21,-0.00,11.77
4,13.30,1.40,6.73,-0.58,-0.19,-0.00,11.77
0,6.20,-2.58,6.73,-1.44,0.96,-0.00,11.77
1,12.10,-2.34,6.73,-0.22,0.28,-0.00,11.77
2,6.88,0.71,6.73,-1.65,-0.08,-0.00,11.77
3,10.11,2.91,6.73,-0.66,-0.14,-0.00,11.77
4,13.30,1.37,6.73,-0.01,-0.34,-0.00,11.77
0,6.04,-2.52,6.73,-1.63,0.65,-0.00,11.77
1,12.08,-2.32,6.73,-0.26,0.16,-0.00,11.77
2,6.71,0.75,6.73,-1.67,0.36,-0.00,11.77
3,10.11,2.88,6.73,-0.09,-0.30,-0.00,11.77
4,13.25,1.36,6.73,-0.55,-0.07,-0.00,11.77
0,5.90,-2.41,6.73,-1.41,1.05,-0.00,11.77
1,12.03,-2.29,6.73,-0.43,0.36,-0.00,11.77
2,6.51,0.77,6.73,-1.97,0.23,-0.00,11.77
3,10.05,2.88,6.73,-0.52,0.00,-0.00,11.77
4,13.24,1.31,6.73,-0.06,-0.44,-0.00,11.77
0,5.78,-2.28,6.73,-1.24,1.32,-0.00,11.77
1,11.99,-2.25,6.73,-0.43,0.36,-0.00,11.77
2,6.32,0.77,6.73,-1.98,0.04,-0.00,11.77
3,10.04,2.84,6.73,-0.14,-0.39,-0.00,11.77
4,13.18,1.30,6.73,-0.61,-0.16,-0.00,11.77
0,5.64,-2.20,6.73,-1.39,0.77,-0.00,11.77
1,11.94,-2.22,6.73,-0.47,0.26,-0.00,11.77
2,6.13,0.83,6.73,-1.84,0.60,-0.00,11.77
3,9.97,2.83,6.73,-0.69,-0.12,-0.00,11.77
4,13.17,1.27,6.73,-0.04,-0.32,-0.00,11.77
0,5.51,-2.15,6.73,-1.32,0.50,-0.00,11.77
1,11.90,-2.19,6.73,-0.44,0.36,-0.00,11.77
2,5.98,0.92,6.73,-1.53,0.88,-0.00,11.77
3,9.96,2.80,6.73,-0.10,-0.28,-0.00,11.77
4,13.15,1.26,6.73,-0.28,-0.11,-0.00,11.77
0,5.34,-2.13,6.73,-1.63,0.20,-0.00,11.77
1,11.88,-2.16,6.73,-0.24,0.26,-0.00,11.77
2,5.85,1.03,6.73,-1.30,1.05,-0.00,11.77
3,9.96,2.77,6.73,-0.01,-0.32,-0.00,11.77
4,13.08,1.24,6.73,-0.62,-0.14,-0.00,11.77
0,5.17,-2.13,6.73,-1.71,0.05,-0.00,11.77
1,11.84,-2.14,6.73,-0.40,0.21,-0.00,11.77
2,5.73,1.08,6.73,-1.23,0.56,-0.00,11.77
3,9.93,2.75,6.73,-0.32,-0.18,-0.00,11.77
4,13.08,1.20,6.73,-0.09,-0.40,-0.00,11.77
0,5.00,-2.13,6.73,-1.76,-0.04,-0.00,11.77
1,11.79,-2.13,6.73,-0.44,0.10,-0.00,11.77
2,5.62,1.16,6.73,-1.07,0.74,-0.00,11.77
3,9.91,2.72,6.73,-0.18,-0.37,-0.00,11.77
4,13.02,1.18,6.73,-0.55,-0.19,-0.00,11.77
0,4.82,-2.14,6.73,-1.78,-0.07,-0.00,11.77
1,11.74,-2.11,6.73,-0.50,0.25,-0.00,11.77
2,5.50,1.24,6.73,-1.20,0.83,-0.00,11.77
3,9.84,2.71,6.73,-0.72,-0.10,-0.00,11.77
4,13.01,1.15,6.73,-0.06,-0.31,-0.00,11.77
0,4.67,-2.14,6.73,-1.52,0.03,-0.00,11.77
1,11.69,-2.08,6.73,-0.50,0.25,-0.00,11.77
2,5.36,1.28,6.73,-1.37,0.36,-0.00,11.77
3,9.82,2.67,6.73,-0.19,-0.36,-0.00,11.77
4,13.00,1.20,6.73,-0.16,0.52,-0.00,11.77
0,4.53,-2.13,6.73,-1.32,0.11,-0.00,11.77
1,11.67,-2.07,6.73,-0.20,0.10,-0.00,11.77
2,5.22,1.32,6.73,-1.39,0.50,-0.00,11.77
3,9.80,2.63,6.73,-0.20,-0.35,-0.00,11.77
4,12.96,1.20,6.73,-0.38,-0.05,-0.00,11.77
0,4.40,-2.07,6.73,-1.35,0.58,-0.00,11.77
1,11.62,-2.04,6.73,-0.47,0.34,-0.00,11.77
2,5.08,1.33,6.73,-1.47,0.09,-0.00,11.77
3,9.72,2.62,6.73,-0.75,-0.10,-0.00,11.77
4,12.95,1.16,6.73,-0.12,-0.38,-0.00,11.77
0,4.27,-1.97,6.73,-1.32,1.00,-0.00,11.77
1,11.58,-2.08,6.73,-0.43,-0.45,-0.00,11.77
2,4.93,1.36,6.73,-1.44,0.30,-0.00,11.77
3,9.69,2.59,6.73,-0.30,-0.30,-0.00,11.77
4,12.93,1.21,6.73,-0.16,0.51,-0.00,11.77
0,4.16,-1.84,6.73,-1.06,1.27,-0.00,11.77
1,11.56,-2.05,6.73,-0.24,0.33,-0.00,11.77
2,4.82,1.41,6.73,-1.14,0.44,-0.00,11.77
3,9.69,2.57,6.73,-0.02,-0.21,-0.00,11.77
4,12.86,1.20,6.73,-0.68,-0.13,-0.00,11.77
0,4.04,-1.75,6.73,-1.22,0.93,-0.00,11.77
1,11.49,-2.08,6.73,-0.65,-0.33,-0.00,11.77
2,4.70,1.47,6.73,-1.14,0.65,-0.00,11.77
3,9.66,2.55,6.73,-0.30,-0.27,-0.00,11.77
4,12.87,1.22,6.73,0.10,0.20,-0.00,11.77
0,3.93,-1.68,6.73,-1.09,0.65,-0.00,11.77
1,11.44,-2.05,6.73,-0.53,0.27,-0.00,11.77
2,4.61,1.54,6.73,-0.90,0.68,-0.00,11.77
3,9.58,2.54,6.73,-0.77,-0.08,-0.00,11.77
4,12.86,1.18,6.73,-0.13,-0.34,-0.00,11.77
0,3.84,-1.58,6.73,-0.88,0.98,-0.00,11.77
1,11.41,-2.03,6.73,-0.26,0.25,-0.00,11.77
2,4.52,1.61,6.73,-0.99,0.68,-0.00,11.77
3,9.56,2.52,6.73,-0.27,-0.17,-0.00,11.77
4,12.80,1.17,6.73,-0.59,-0.15,-0.00,11.77
0,3.76,-1.52,6.73,-0.85,0.65,-0.00,11.77
1,11.34,-2.05,6.73,-0.72,-0.18,-0.00,11.77
2,4.42,1.69,6.73,-1.00,0.77,-0.00,11.77
3,9.56,2.51,6.73,0.05,-0.13,-0.00,11.77
4,12.75,1.16,6.73,-0.55,-0.05,-0.00,11.77
0,3.65,-1.49,6.73,-1.11,0.34,-0.00,11.77
1,11.29,-2.02,6.73,-0.53,0.27,-0.00,11.77
2,4.31,1.76,6.73,-1.04,0.71,-0.00,11.77
3,9.48,2.50,6.73,-0.78,-0.06,-0.00,11.77
4,12.69,1.16,6.73,-0.56,-0.05,-0.00,11.77
0,3.55,-1.47,6.73,-0.99,0.20,-0.00,11.77
1,11.24,-1.99,6.73,-0.53,0.27,-0.00,11.77
2,4.23,1.82,6.73,-0.79,0.61,-0.00,11.77
3,9.40,2.51,6.73,-0.83,0.07,-0.00,11.77
4,12.70,1.18,6.73,0.10,0.22,-0.00,11.77
0,3.46,-1.45,6.73,-0.91,0.12,-0.00,11.77
1,11.16,-2.01,6.73,-0.74,-0.18,-0.00,11.77
2,4.17,1.87,6.73,-0.61,0.52,-0.00,11.77
3,9.38,2.48,6.73,-0.22,-0.30,-0.00,11.77
4,12.65,1.23,6.73,-0.45,0.44,-0.00,11.77
0,3.37,-1.45,6.73,-0.84,0.07,-0.00,11.77
1,11.13,-1.99,6.73,-0.30,0.15,-0.00,11.77
2,4.12,1.91,6.73,-0.48,0.42,-0.00,11.77
3,9.35,2.46,6.73,-0.27,-0.16,-0.00,11.77
4,12.59,1.21,6.73,-0.60,-0.15,-0.00,11.77
0,3.29,-1.44,6.73,-0.78,0.05,-0.00,11.77
1,11.08,-1.96,6.73,-0.48,0.36,-0.00,11.77
2,4.09,1.94,6.73,-0.37,0.33,-0.00,11.77
3,9.27,2.45,6.73,-0.78,-0.07,-0.00,11.77
4,12.61,1.19,6.73,0.16,-0.25,-0.00,11.77
0,3.22,-1.44,6.73,-0.77,0.04,-0.00,11.77
1,11.01,-1.98,6.73,-0.76,-0.19,-0.00,11.77
2,4.05,1.97,6.73,-0.32,0.25,-0.00,11.77
3,9.15,2.41,6.73,-1.22,-0.43,-0.00,11.77
4,12.56,1.23,6.73,-0.47,0.43,-0.00,11.77
0,3.15,-1.38,6.73,-0.62,0.62,-0.00,11.77
1,10.96,-1.94,6.73,-0.51,0.35,-0.00,11.77
2,4.01,1.93,6.73,-0.43,-0.41,-0.00,11.77
3,8.97,2.34,6.73,-1.79,-0.67,-0.00,11.77
4,12.49,1.22,6.73,-0.74,-0.12,-0.00,11.77
0,3.09,-1.34,6.73,-0.69,0.40,-0.00,11.77
1,10.90,-1.91,6.73,-0.52,0.34,-0.00,11.77
2,3.95,1.90,6.73,-0.63,-0.25,-0.00,11.77
3,8.75,2.25,6.73,-2.22,-0.94,-0.00,11.77
4,12.44,1.21,6.73,-0.45,-0.06,-0.00,11.77
0,3.01,-1.31,6.73,-0.75,0.23,-0.00,11.77
1,10.85,-1.89,6.73,-0.58,0.24,-0.00,11.77
2,3.89,1.89,6.73,-0.62,-0.15,-0.00,11.77
3,8.52,2.16,6.73,-2.34,-0.93,-0.00,11.77
4,12.42,1.25,6.73,-0.22,0.40,-0.00,11.77
0,2.94,-1.25,6.73,-0.66,0.64,-0.00,11.77
1,10.80,-1.87,6.73,-0.48,0.13,-0.00,11.77
2,3.82,1.83,6.73,-0.64,-0.60,-0.00,11.77
3,8.26,2.05,6.73,-2.56,-1.10,-0.00,11.77
4,12.37,1.23,6.73,-0.50,-0.15,-0.00,11.77
0,2.87,-1.21,6.73,-0.77,0.34,-0.00,11.77
1,10.72,-1.90,6.73,-0.82,-0.22,-0.00,11.77
2,3.76,1.74,6.73,-0.66,-0.92,-0.00,11.77
3,7.98,1.93,6.73,-2.76,-1.19,-0.00,11.77
4,12.32,1.27,6.73,-0.51,0.39,-0.00,11.77
0,2.80,-1.15,6.73,-0.70,0.69,-0.00,11.77
1,10.66,-1.86,6.73,-0.56,0.30,-0.00,11.77
2,3.71,1.68,6.73,-0.52,-0.54,-0.00,11.77
3,7.71,1.80,6.73,-2.72,-1.24,-0.00,11.77
4,12.27,1.26,6.73,-0.49,-0.10,-0.00,11.77
0,2.68,-1.12,6.73,-1.21,0.28,-0.00,11.77
1,10.60,-1.83,6.73,-0.56,0.31,-0.00,11.77
2,3.65,1.60,6.73,-0.59,-0.85,-0.00,11.77
3,7.45,1.68,6.73,-2.64,-1.21,-0.00,11.77
4,12.19,1.25,6.73,-0.80,-0.15,-0.00,11.77
0,2.56,-1.12,6.73,-1.22,0.00,-0.00,11.77
1,10.52,-1.86,6.73,-0.85,-0.25,-0.00,11.77
2,3.60,1.56,6.73,-0.45,-0.43,-0.00,11.77
3,7.18,1.56,6.73,-2.69,-1.22,-0.00,11.77
4,12.14,1.29,6.73,-0.53,0.37,-0.00,11.77
0,2.37,-1.14,6.73,-1.81,-0.21,-0.00,11.77
1,10.46,-1.83,6.73,-0.58,0.29,-0.00,11.77
2,3.57,1.54,6.73,-0.34,-0.14,-0.00,11.77
3,6.92,1.45,6.73,-2.59,-1.16,-0.00,11.77
4,12.06,1.27,6.73,-0.82,-0.17,-0.00,11.77
0,2.21,-1.16,6.73,-1.65,-0.27,-0.00,11.77
1,10.40,-1.86,6.73,-0.60,-0.27,-0.00,11.77
2,3.53,1.55,6.73,-0.33,0.04,-0.00,11.77
3,6.71,1.34,6.73,-2.15,-1.08,-0.00,11.77
4,12.05,1.31,6.73,-0.04,0.44,-0.00,11.77
0,2.06,-1.19,6.73,-1.53,-0.25,-0.00,11.77
1,10.36,-1.84,6.73,-0.44,0.21,-0.00,11.77
2,3.42,1.56,6.73,-1.16,0.17,-0.00,11.77
3,6.51,1.23,6.73,-1.99,-1.06,-0.00,11.77
4,11.97,1.30,6.73,-0.83,-0.18,-0.00,11.77
0,1.91,-1.15,6.73,-1.45,0.37,-0.00,11.77
1,10.29,-1.82,6.73,-0.66,0.19,-0.00,11.77
2,3.22,1.54,6.73,-1.96,-0.19,-0.00,11.77
3,6.37,1.13,6.73,-1.39,-1.05,-0.00,11.77
4,11.94,1.29,6.73,-0.32,-0.09,-0.00,11.77
0,1.78,-1.13,6.73,-1.36,0.22,-0.00,11.77
1,10.23,-1.79,6.73,-0.62,0.28,-0.00,11.77
2,3.08,1.54,6.73,-1.43,-0.04,-0.00,11.77
3,6.18,1.02,6.73,-1.87,-1.04,-0.00,11.77
4,11.85,1.27,6.73,-0.86,-0.17,-0.00,11.77
0,1.63,-1.07,6.73,-1.47,0.60,-0.00,11.77
1,10.18,-1.78,6.73,-0.52,0.12,-0.00,11.77
2,2.86,1.56,6.73,-2.14,0.24,-0.00,11.77
3,6.04,0.91,6.73,-1.44,-1.08,-0.00,11.77
4,11.82,1.31,6.73,-0.29,0.36,-0.00,11.77
0,1.46,-1.03,6.73,-1.64,0.41,-0.00,11.77
1,10.10,-1.81,6.73,-0.77,-0.31,-0.00,11.77
2,2.66,1.60,6.73,-2.05,0.35,-0.00,11.77
3,5.92,0.80,6.73,-1.17,-1.10,-0.00,11.77
4,11.76,1.34,6.73,-0.60,0.36,-0.00,11.77
0,1.32,-1.00,6.73,-1.45,0.25,-0.00,11.77
1,10.04,-1.78,6.73,-0.64,0.28,-0.00,11.77
2,2.46,1.64,6.73,-1.94,0.42,-0.00,11.77
3,5.82,0.69,6.73,-1.01,-1.10,-0.00,11.77
4,11.71,1.33,6.73,-0.55,-0.12,-0.00,11.77
0,1.19,-0.99,6.73,-1.28,0.16,-0.00,11.77
1,9.97,-1.75,6.73,-0.64,0.28,-0.00,11.77
2,2.26,1.63,6.73,-2.07,-0.15,-0.00,11.77
3,5.73,0.59,6.73,-0.93,-1.08,-0.00,11.77
4,11.64,1.32,6.73,-0.69,-0.14,-0.00,11.77
0,1.08,-0.98,6.73,-1.15,0.08,-0.00,11.77
1,9.89,-1.78,6.73,-0.81,-0.32,-0.00,11.77
2,2.11,1.62,6.73,-1.44,-0.08,-0.00,11.77
3,5.56,0.49,6.73,-1.69,-0.91,-0.00,11.77
4,11.45,1.33,6.73,-1.89,0.15,-0.00,11.77
0,0.97,-0.98,6.73,-1.06,0.05,-0.00,11.77
1,9.80,-1.81,6.73,-0.96,-0.27,-0.00,11.77
2,2.00,1.55,6.73,-1.14,-0.71,-0.00,11.77
3,5.37,0.42,6.73,-1.88,-0.74,-0.00,11.77
4,11.18,1.37,6.73,-2.73,0.36,-0.00,11.77
0,0.84,-0.98,6.73,-1.26,-0.03,-0.00,11.77
1,9.73,-1.84,6.73,-0.67,-0.32,-0.00,11.77
2,1.91,1.50,6.73,-0.94,-0.50,-0.00,11.77
3,5.17,0.36,6.73,-2.03,-0.61,-0.00,11.77
4,10.84,1.38,6.73,-3.41,0.09,-0.00,11.77
0,0.70,-0.97,6.73,-1.41,0.05,-0.00,11.77
1,9.64,-1.87,6.73,-0.93,-0.31,-0.00,11.77
2,1.77,1.48,6.73,-1.35,-0.15,-0.00,11.77
3,4.98,0.29,6.73,-1.84,-0.67,-0.00,11.77
4,10.46,1.41,6.73,-3.81,0.34,-0.00,11.77
0,0.58,-0.96,6.73,-1.19,0.11,-0.00,11.77
1,9.56,-1.91,6.73,-0.73,-0.37,-0.00,11.77
2,1.60,1.43,6.73,-1.68,-0.57,-0.00,11.77
3,4.77,0.24,6.73,-2.10,-0.50,-0.00,11.77
4,10.07,1.46,6.73,-3.89,0.53,-0.00,11.77
0,0.61,-1.02,6.73,0.24,-0.61,-0.00,11.77
1,9.48,-1.94,6.73,-0.85,-0.34,-0.00,11.77
2,1.41,1.34,6.73,-1.91,-0.87,-0.00,11.77
3,4.56,0.20,6.73,-2.12,-0.43,-0.00,11.77
4,9.64,1.48,6.73,-4.31,0.12,-0.00,11.77
0,0.61,-1.10,6.73,0.05,-0.74,-0.00,11.77
1,9.44,-1.99,6.73,-0.35,-0.48,-0.00,11.77
2,1.23,1.30,6.73,-1.79,-0.36,-0.00,11.77
3,4.34,0.16,6.73,-2.21,-0.40,-0.00,11.77
4,9.19,1.46,6.73,-4.49,-0.18,-0.00,11.77
0,0.64,-1.17,6.73,0.28,-0.68,-0.00,11.77
1,9.37,-1.98,6.73,-0.72,0.16,-0.00,11.77
2,1.06,1.30,6.73,-1.75,-0.01,-0.00,11.77
3,4.16,0.10,6.73,-1.76,-0.57,-0.00,11.77
4,8.74,1.47,6.73,-4.43,0.13,-0.00,11.77
0,0.68,-1.23,6.73,0.33,-0.68,-0.00,11.77
1,9.30,-1.96,6.73,-0.72,0.16,-0.00,11.77
2,0.87,1.32,6.73,-1.91,0.19,-0.00,11.77
3,4.02,0.04,6.73,-1.38,-0.65,-0.00,11.77
4,8.30,1.45,6.73,-4.43,-0.19,-0.00,11.77
0,0.70,-1.31,6.73,0.21,-0.73,-0.00,11.77
1,9.09,-1.91,6.73,-2.10,0.53,-0.00,11.77
2,0.73,1.33,6.73,-1.38,0.09,-0.00,11.77
3,3.89,-0.04,6.73,-1.33,-0.76,-0.00,11.77
4,7.87,1.40,6.73,-4.31,-0.49,-0.00,11.77
0,0.68,-1.39,6.73,-0.19,-0.86,-0.00,11.77
1,8.83,-1.84,6.73,-2.61,0.69,-0.00,11.77
2,0.58,1.35,6.73,-1.48,0.17,-0.00,11.77
3,3.83,-0.09,6.73,-0.66,-0.56,-0.00,11.77
4,7.44,1.33,6.73,-4.26,-0.70,-0.00,11.77
0,0.65,-1.48,6.73,-0.31,-0.89,-0.00,11.77
1,8.54,-1.81,6.73,-2.92,0.24,-0.00,11.77
2,0.46,1.35,6.73,-1.19,-0.02,-0.00,11.77
3,3.75,-0.11,6.73,-0.77,-0.15,-0.00,11.77
4,7.01,1.31,6.73,-4.32,-0.21,-0.00,11.77
0,0.61,-1.56,6.73,-0.35,-0.80,-0.00,11.77
1,8.23,-1.82,6.73,-3.11,-0.05,-0.00,11.77
2,0.37,1.32,6.73,-0.90,-0.27,-0.00,11.77
3,3.65,-0.09,6.73,-0.95,0.12,-0.00,11.77
4,6.56,1.32,6.73,-4.47,0.03,-0.00,11.77
0,0.59,-1.64,6.73,-0.18,-0.80,-0.00,11.77
1,7.86,-1.78,6.73,-3.69,0.36,-0.00,11.77
2,0.31,1.27,6.73,-0.62,-0.44,-0.00,11.77
3,3.48,-0.08,6.73,-1.70,0.12,-0.00,11.77
4,6.22,1.32,6.73,-3.50,0.00,-0.00,11.77
0,0.56,-1.73,6.73,-0.31,-0.89,-0.00,11.77
1,7.45,-1.72,6.73,-4.06,0.64,-0.00,11.77
2,0.22,1.24,6.73,-0.91,-0.35,-0.00,11.77
3,3.33,-0.10,6.73,-1.58,-0.18,-0.00,11.77
4,5.85,1.28,6.73,-3.64,-0.36,-0.00,11.77
0,0.54,-1.81,6.73,-0.23,-0.82,-0.00,11.77
1,7.05,-1.69,6.73,-4.01,0.28,-0.00,11.77
2,0.16,1.19,6.73,-0.60,-0.54,-0.00,11.77
3,3.17,-0.14,6.73,-1.53,-0.39,-0.00,11.77
4,5.51,1.30,6.73,-3.42,0.24,-0.00,11.77
0,0.51,-1.90,6.73,-0.32,-0.90,-0.00,11.77
1,6.67,-1.69,6.73,-3.79,-0.04,-0.00,11.77
2,0.12,1.26,6.73,-0.37,0.73,-0.00,11.77
3,3.03,-0.14,6.73,-1.40,0.03,-0.00,11.77
4,5.13,1.34,6.73,-3.82,0.36,-0.00,11.77
0,0.48,-1.93,6.73,-0.32,-0.23,-0.00,11.77
1,6.30,-1.71,6.73,-3.75,-0.16,-0.00,11.77
2,0.09,1.33,6.73,-0.38,0.72,-0.00,11.77
3,2.84,-0.20,6.73,-1.94,-0.65,-0.00,11.77
4,4.78,1.42,6.73,-3.44,0.83,-0.00,11.77
0,0.50,-1.97,6.73,0.24,-0.42,-0.00,11.77
1,5.94,-1.74,6.73,-3.59,-0.30,-0.00,11.77
2,0.04,1.35,6.73,-0.42,0.18,-0.00,11.77
3,2.67,-0.28,6.73,-1.74,-0.82,-0.00,11.77
4,4.47,1.54,6.73,-3.17,1.17,-0.00,11.77
0,0.52,-2.02,6.73,0.17,-0.51,-0.00,11.77
1,5.55,-1.72,6.73,-3.83,0.24,-0.00,11.77
2,0.00,1.42,6.73,-0.42,0.75,-0.00,11.77
3,2.51,-0.38,6.73,-1.51,-0.93,-0.00,11.77
4,4.19,1.63,6.73,-2.74,0.86,-0.00,11.77
0,0.46,-2.06,6.73,-0.54,-0.36,-0.00,11.77
1,5.22,-1.69,6.73,-3.35,0.27,-0.00,11.77
2,-0.04,1.50,6.73,-0.41,0.75,-0.00,11.77
3,2.33,-0.45,6.73,-1.87,-0.73,-0.00,11.77
4,3.94,1.69,6.73,-2.48,0.65,-0.00,11.77
0,0.41,-2.10,6.73,-0.57,-0.40,-0.00,11.77
1,4.94,-1.66,6.73,-2.80,0.32,-0.00,11.77
2,-0.07,1.53,6.73,-0.32,0.29,-0.00,11.77
3,2.12,-0.50,6.73,-2.10,-0.54,-0.00,11.77
4,3.72,1.75,6.73,-2.26,0.59,-0.00,11.77
0,0.35,-2.13,6.73,-0.60,-0.35,-0.00,11.77
1,4.69,-1.61,6.73,-2.47,0.46,-0.00,11.77
2,-0.10,1.56,6.73,-0.32,0.34,-0.00,11.77
3,1.83,-0.60,6.73,-2.86,-0.92,-0.00,11.77
4,3.51,1.79,6.73,-2.10,0.41,-0.00,11.77
0,0.29,-2.17,6.73,-0.56,-0.42,-0.00,11.77
1,4.46,-1.56,6.73,-2.31,0.55,-0.00,11.77
2,-0.13,1.59,6.73,-0.30,0.28,-0.00,11.77
3,1.62,-0.67,6.73,-2.15,-0.73,-0.00,11.77
4,3.28,1.77,6.73,-2.31,-0.18,-0.00,11.77
0,0.22,-2.22,6.73,-0.66,-0.52,-0.00,11.77
1,4.25,-1.50,6.73,-2.12,0.55,-0.00,11.77
2,-0.18,1.57,6.73,-0.45,-0.23,-0.00,11.77
3,1.33,-0.77,6.73,-2.90,-1.04,-0.00,11.77
4,3.12,1.77,6.73,-1.58,0.01,-0.00,11.77
0,0.16,-2.30,6.73,-0.66,-0.76,-0.00,11.77
1,4.07,-1.49,6.73,-1.81,0.08,-0.00,11.77
2,-0.27,1.60,6.73,-0.88,0.33,-0.00,11.77
3,1.06,-0.80,6.73,-2.68,-0.33,-0.00,11.77
4,2.97,1.78,6.73,-1.53,0.11,-0.00,11.77
0,0.11,-2.38,6.73,-0.51,-0.83,-0.00,11.77
1,3.92,-1.51,6.73,-1.53,-0.17,-0.00,11.77
2,-0.35,1.65,6.73,-0.86,0.48,-0.00,11.77
3,0.86,-0.78,6.73,-2.00,0.20,-0.00,11.77
4,2.85,1.84,6.73,-1.15,0.62,-0.00,11.77
0,0.06,-2.46,6.73,-0.44,-0.78,-0.00,11.77
1,3.70,-1.48,6.73,-2.14,0.34,-0.00,11.77
2,-0.43,1.70,6.73,-0.80,0.49,-0.00,11.77
3,0.84,-0.77,6.73,-0.15,0.11,-0.00,11.77
4,2.78,1.87,6.73,-0.68,0.23,-0.00,11.77
0,0.03,-2.54,6.73,-0.32,-0.81,-0.00,11.77
1,3.51,-1.43,6.73,-1.90,0.46,-0.00,11.77
2,-0.51,1.73,6.73,-0.78,0.36,-0.00,11.77
3,0.85,-0.72,6.73,0.11,0.53,-0.00,11.77
4,2.70,1.88,6.73,-0.87,0.10,-0.00,11.77
0,0.04,-2.53,6.73,0.05,0.17,-0.00,11.77
1,3.29,-1.41,6.73,-2.22,0.19,-0.00,11.77
2,-0.53,1.78,6.73,-0.24,0.50,-0.00,11.77
3,0.86,-0.68,6.73,0.06,0.43,-0.00,11.77
4,2.58,1.93,6.73,-1.15,0.56,-0.00,11.77
0,-0.05,-2.62,6.73,-0.87,-0.91,-0.00,11.77
1,3.18,-1.41,6.73,-1.13,-0.01,-0.00,11.77
2,-0.56,1.83,6.73,-0.25,0.48,-0.00,11.77
3,0.82,-0.67,6.73,-0.38,0.06,-0.00,11.77
4,2.52,1.96,6.73,-0.65,0.28,-0.00,11.77
0,-0.13,-2.71,6.73,-0.82,-0.88,-0.00,11.77
1,3.10,-1.45,6.73,-0.76,-0.40,-0.00,11.77
2,-0.64,1.86,6.73,-0.82,0.32,-0.00,11.77
3,0.86,-0.69,6.73,0.35,-0.22,-0.00,11.77
4,2.48,2.02,6.73,-0.39,0.57,-0.00,11.77
0,-0.16,-2.76,6.73,-0.34,-0.51,-0.00,11.77
1,3.08,-1.43,6.73,-0.17,0.18,-0.00,11.77
2,-0.66,1.89,6.73,-0.21,0.30,-0.00,11.77
3,0.85,-0.64,6.73,-0.10,0.50,-0.00,11.77
4,2.41,2.03,6.73,-0.71,0.13,-0.00,11.77
0,-0.19,-2.80,6.73,-0.23,-0.43,-0.00,11.77
1,3.05,-1.40,6.73,-0.33,0.35,-0.00,11.77
2,-0.75,1.93,6.73,-0.91,0.36,-0.00,11.77
3,0.80,-0.64,6.73,-0.42,-0.02,-0.00,11.77
4,2.38,2.02,6.73,-0.30,-0.13,-0.00,11.77
0,-0.21,-2.85,6.73,-0.20,-0.55,-0.00,11.77
1,3.02,-1.41,6.73,-0.32,-0.12,-0.00,11.77
2,-0.80,1.92,6.73,-0.49,-0.11,-0.00,11.77
3,0.76,-0.65,6.73,-0.45,-0.03,-0.00,11.77
4,2.37,2.06,6.73,-0.08,0.39,-0.00,11.77
0,-0.24,-2.90,6.73,-0.27,-0.45,-0.00,11.77
1,2.90,-1.37,6.73,-1.21,0.42,-0.00,11.77
2,-0.88,1.96,6.73,-0.80,0.40,-0.00,11.77
3,0.76,-0.75,6.73,0.01,-1.01,-0.00,11.77
4,2.35,2.01,6.73,-0.19,-0.48,-0.00,11.77
0,-0.26,-2.95,6.73,-0.30,-0.47,-0.00,11.77
1,2.86,-1.31,6.73,-0.35,0.63,-0.00,11.77
2,-0.90,1.98,6.73,-0.19,0.26,-0.00,11.77
3,0.71,-0.75,6.73,-0.53,0.00,-0.00,11.77
4,2.26,1.96,6.73,-0.96,-0.52,-0.00,11.77
0,-0.25,-2.91,6.73,0.11,0.33,-0.00,11.77
1,2.84,-1.30,6.73,-0.26,0.07,-0.00,11.77
2,-0.98,2.01,6.73,-0.77,0.25,-0.00,11.77
3,0.65,-0.75,6.73,-0.56,-0.04,-0.00,11.77
4,2.11,1.85,6.73,-1.42,-1.08,-0.00,11.77
0,-0.33,-2.98,6.73,-0.76,-0.72,-0.00,11.77
1,2.82,-1.33,6.73,-0.11,-0.28,-0.00,11.77
2,-1.06,2.03,6.73,-0.78,0.25,-0.00,11.77
3,0.57,-0.71,6.73,-0.86,0.42,-0.00,11.77
4,2.02,1.81,6.73,-0.92,-0.38,-0.00,11.77
0,-0.32,-2.95,6.73,0.10,0.32,-0.00,11.77
1,2.74,-1.31,6.73,-0.87,0.16,-0.00,11.77
2,-1.11,2.01,6.73,-0.49,-0.21,-0.00,11.77
3,0.54,-0.66,6.73,-0.24,0.46,-0.00,11.77
4,1.97,1.83,6.73,-0.52,0.22,-0.00,11.77
0,-0.36,-2.95,6.73,-0.44,0.05,-0.00,11.77
1,2.65,-1.29,6.73,-0.92,0.26,-0.00,11.77
2,-1.18,2.04,6.73,-0.79,0.28,-0.00,11.77
3,0.46,-0.74,6.73,-0.87,-0.80,-0.00,11.77
4,1.96,1.83,6.73,-0.13,-0.02,-0.00,11.77
0,-0.36,-2.92,6.73,0.03,0.27,-0.00,11.77
1,2.64,-1.28,6.73,-0.09,0.11,-0.00,11.77
2,-1.26,2.07,6.73,-0.75,0.27,-0.00,11.77
3,0.40,-0.75,6.73,-0.61,-0.03,-0.00,11.77
4,1.95,1.87,6.73,-0.02,0.34,-0.00,11.77
0,-0.44,-3.01,6.73,-0.76,-0.88,-0.00,11.77
1,2.67,-1.22,6.73,0.34,0.59,-0.00,11.77
2,-1.27,2.09,6.73,-0.15,0.23,-0.00,11.77
3,0.37,-0.70,6.73,-0.28,0.52,-0.00,11.77
4,1.96,1.92,6.73,0.06,0.56,-0.00,11.77
0,-0.45,-3.05,6.73,-0.14,-0.38,-0.00,11.77
1,2.69,-1.21,6.73,0.20,0.07,-0.00,11.77
2,-1.34,2.12,6.73,-0.71,0.27,-0.00,11.77
3,0.28,-0.65,6.73,-0.86,0.42,-0.00,11.77
4,1.94,1.94,6.73,-0.20,0.20,-0.00,11.77
0,-0.47,-3.10,6.73,-0.17,-0.59,-0.00,11.77
1,2.70,-1.23,6.73,0.14,-0.23,-0.00,11.77
2,-1.36,2.14,6.73,-0.15,0.24,-0.00,11.77
3,0.30,-0.68,6.73,0.17,-0.25,-0.00,11.77
4,1.93,1.99,6.73,-0.07,0.43,-0.00,11.77
0,-0.48,-3.14,6.73,-0.11,-0.36,-0.00,11.77
1,2.71,-1.28,6.73,0.01,-0.48,-0.00,11.77
2,-1.44,2.17,6.73,-0.79,0.33,-0.00,11.77
3,0.27,-0.73,6.73,-0.31,-0.50,-0.00,11.77
4,1.94,2.04,6.73,0.02,0.56,-0.00,11.77
0,-0.49,-3.18,6.73,-0.11,-0.36,-0.00,11.77
1,2.71,-1.35,6.73,0.02,-0.71,-0.00,11.77
2,-1.46,2.20,6.73,-0.24,0.29,-0.00,11.77
3,0.32,-0.70,6.73,0.49,0.27,-0.00,11.77
4,1.95,2.12,6.73,0.12,0.74,-0.00,11.77
0,-0.50,-3.21,6.73,-0.11,-0.33,-0.00,11.77
1,2.69,-1.37,6.73,-0.22,-0.18,-0.00,11.77
2,-1.45,2.18,6.73,0.14,-0.26,-0.00,11.77
3,0.27,-0.72,6.73,-0.49,-0.24,-0.00,11.77
4,1.97,2.13,6.73,0.26,0.12,-0.00,11.77
0,-0.52,-3.26,6.73,-0.16,-0.48,-0.00,11.77
1,2.58,-1.34,6.73,-1.02,0.29,-0.00,11.77
2,-1.51,2.19,6.73,-0.65,0.19,-0.00,11.77
3,0.21,-0.73,6.73,-0.55,-0.02,-0.00,11.77
4,2.01,2.10,6.73,0.34,-0.31,-0.00,11.77
0,-0.53,-3.30,6.73,-0.16,-0.39,-0.00,11.77
1,2.50,-1.35,6.73,-0.81,-0.08,-0.00,11.77
2,-1.52,2.21,6.73,-0.04,0.17,-0.00,11.77
3,0.18,-0.68,6.73,-0.32,0.45,-0.00,11.77
4,1.95,2.05,6.73,-0.61,-0.47,-0.00,11.77
0,-0.54,-3.33,6.73,-0.09,-0.30,-0.00,11.77
1,2.44,-1.38,6.73,-0.65,-0.36,-0.00,11.77
2,-1.58,2.23,6.73,-0.66,0.20,-0.00,11.77
3,0.12,-0.69,6.73,-0.65,-0.04,-0.00,11.77
4,1.91,2.04,6.73,-0.36,-0.13,-0.00,11.77
0,-0.55,-3.36,6.73,-0.07,-0.30,-0.00,11.77
1,2.31,-1.41,6.73,-1.25,-0.24,-0.00,11.77
2,-1.66,2.28,6.73,-0.77,0.46,-0.00,11.77
3,0.08,-0.64,6.73,-0.35,0.45,-0.00,11.77
4,1.89,2.04,6.73,-0.18,0.09,-0.00,11.77
0,-0.61,-3.42,6.73,-0.57,-0.61,-0.00,11.77
1,2.22,-1.45,6.73,-0.89,-0.40,-0.00,11.77
2,-1.67,2.31,6.73,-0.08,0.32,-0.00,11.77
3,0.01,-0.64,6.73,-0.70,0.01,-0.00,11.77
4,1.80,2.03,6.73,-0.95,-0.20,-0.00,11.77
0,-0.66,-3.48,6.73,-0.56,-0.61,-0.00,11.77
1,2.12,-1.39,6.73,-1.04,0.57,-0.00,11.77
2,-1.72,2.31,6.73,-0.52,0.03,-0.00,11.77
3,-0.01,-0.62,6.73,-0.19,0.16,-0.00,11.77
4,1.75,1.97,6.73,-0.47,-0.58,-0.00,11.77
0,-0.67,-3.51,6.73,-0.12,-0.30,-0.00,11.77
1,2.09,-1.35,6.73,-0.27,0.42,-0.00,11.77
2,-1.79,2.33,6.73,-0.65,0.21,-0.00,11.77
3,-0.00,-0.66,6.73,0.06,-0.33,-0.00,11.77
4,1.73,1.95,6.73,-0.20,-0.21,-0.00,11.77
0,-0.68,-3.53,6.73,-0.05,-0.22,-0.00,11.77
1,2.07,-1.36,6.73,-0.18,-0.04,-0.00,11.77
2,-1.79,2.35,6.73,-0.03,0.14,-0.00,11.77
3,-0.02,-0.64,6.73,-0.19,0.12,-0.00,11.77
4,1.64,1.91,6.73,-0.94,-0.37,-0.00,11.77
0,-0.69,-3.57,6.73,-0.10,-0.36,-0.00,11.77
1,2.06,-1.39,6.73,-0.11,-0.37,-0.00,11.77
2,-1.85,2.37,6.73,-0.64,0.20,-0.00,11.77
3,-0.03,-0.74,6.73,-0.09,-0.94,-0.00,11.77
4,1.59,1.90,6.73,-0.51,-0.06,-0.00,11.77
0,-0.68,-3.53,6.73,0.08,0.39,-0.00,11.77
1,2.06,-1.45,6.73,-0.04,-0.56,-0.00,11.77
2,-1.85,2.35,6.73,0.03,-0.17,-0.00,11.77
3,-0.14,-0.69,6.73,-1.09,0.47,-0.00,11.77
4,1.51,1.92,6.73,-0.74,0.19,-0.00,11.77
0,-0.73,-3.59,6.73,-0.52,-0.61,-0.00,11.77
1,2.10,-1.48,6.73,0.45,-0.29,-0.00,11.77
2,-1.92,2.38,6.73,-0.74,0.32,-0.00,11.77
3,-0.24,-0.65,6.73,-1.01,0.39,-0.00,11.77
4,1.44,1.90,6.73,-0.68,-0.23,-0.00,11.77
0,-0.73,-3.64,6.73,-0.02,-0.54,-0.00,11.77
1,2.13,-1.52,6.73,0.25,-0.45,-0.00,11.77
2,-1.94,2.41,6.73,-0.21,0.26,-0.00,11.77
3,-0.32,-0.72,6.73,-0.83,-0.69,-0.00,11.77
4,1.41,1.90,6.73,-0.29,-0.04,-0.00,11.77
0,-0.74,-3.68,6.73,-0.05,-0.37,-0.00,11.77
1,2.14,-1.57,6.73,0.10,-0.51,-0.00,11.77
2,-1.98,2.38,6.73,-0.33,-0.31,-0.00,11.77
3,-0.43,-0.74,6.73,-1.08,-0.17,-0.00,11.77
4,1.42,1.91,6.73,0.02,0.19,-0.00,11.77
0,-0.74,-3.70,6.73,0.03,-0.22,-0.00,11.77
1,2.13,-1.58,6.73,-0.05,-0.06,-0.00,11.77
2,-1.96,2.35,6.73,0.15,-0.29,-0.00,11.77
3,-0.50,-0.75,6.73,-0.71,-0.08,-0.00,11.77
4,1.45,1.88,6.73,0.30,-0.40,-0.00,11.77
0,-0.73,-3.66,6.73,0.09,0.39,-0.00,11.77
1,2.12,-1.55,6.73,-0.17,0.27,-0.00,11.77
2,-1.97,2.37,6.73,-0.07,0.18,-0.00,11.77
3,-0.57,-0.75,6.73,-0.72,-0.09,-0.00,11.77
4,1.46,1.75,6.73,0.15,-1.26,-0.00,11.77
0,-0.72,-3.69,6.73,0.06,-0.25,-0.00,11.77
1,2.09,-1.55,6.73,-0.24,-0.01,-0.00,11.77
2,-2.01,2.36,6.73,-0.39,-0.04,-0.00,11.77
3,-0.65,-0.76,6.73,-0.76,-0.09,-0.00,11.77
4,1.45,1.64,6.73,-0.06,-1.11,-0.00,11.77
0,-0.71,-3.71,6.73,0.07,-0.25,-0.00,11.77
1,2.07,-1.52,6.73,-0.24,0.32,-0.00,11.77
2,-2.02,2.40,6.73,-0.10,0.36,-0.00,11.77
3,-0.73,-0.77,6.73,-0.80,-0.10,-0.00,11.77
4,1.41,1.58,6.73,-0.40,-0.59,-0.00,11.77
0,-0.71,-3.75,6.73,0.03,-0.37,-0.00,11.77
1,2.03,-1.46,6.73,-0.42,0.60,-0.00,11.77
2,-2.04,2.45,6.73,-0.19,0.47,-0.00,11.77
3,-0.81,-0.85,6.73,-0.83,-0.73,-0.00,11.77
4,1.34,1.56,6.73,-0.74,-0.16,-0.00,11.77
0,-0.70,-3.79,6.73,0.13,-0.41,-0.00,11.77
1,1.98,-1.44,6.73,-0.42,0.22,-0.00,11.77
2,-2.02,2.41,6.73,0.18,-0.37,-0.00,11.77
3,-0.92,-0.80,6.73,-1.08,0.45,-0.00,11.77
4,1.28,1.46,6.73,-0.66,-1.03,-0.00,11.77
0,-0.70,-3.83,6.73,0.01,-0.43,-0.00,11.77
1,1.88,-1.43,6.73,-1.03,0.07,-0.00,11.77
2,-2.07,2.44,6.73,-0.53,0.32,-0.00,11.77
3,-1.01,-0.82,6.73,-0.91,-0.17,-0.00,11.77
4,1.24,1.40,6.73,-0.32,-0.61,-0.00,11.77
0,-0.69,-3.79,6.73,0.05,0.40,-0.00,11.77
1,1.80,-1.45,6.73,-0.82,-0.19,-0.00,11.77
2,-2.13,2.47,6.73,-0.52,0.33,-0.00,11.77
3,-1.08,-0.74,6.73,-0.69,0.73,-0.00,11.77
4,1.25,1.30,6.73,0.05,-0.95,-0.00,11.77
0,-0.73,-3.87,6.73,-0.36,-0.74,-0.00,11.77
1,1.79,-1.46,6.73,-0.13,-0.08,-0.00,11.77
2,-2.10,2.44,6.73,0.22,-0.35,-0.00,11.77
3,-1.18,-0.76,6.73,-0.98,-0.16,-0.00,11.77
4,1.17,1.24,6.73,-0.80,-0.60,-0.00,11.77
0,-0.76,-3.93,6.73,-0.29,-0.59,-0.00,11.77
1,1.81,-1.45,6.73,0.24,0.10,-0.00,11.77
2,-2.16,2.49,6.73,-0.59,0.48,-0.00,11.77
3,-1.29,-0.73,6.73,-1.14,0.31,-0.00,11.77
4,1.13,1.22,6.73,-0.41,-0.28,-0.00,11.77
0,-0.74,-3.94,6.73,0.16,-0.14,-0.00,11.77
1,1.83,-1.47,6.73,0.15,-0.28,-0.00,11.77
2,-2.15,2.50,6.73,0.09,0.17,-0.00,11.77
3,-1.33,-0.76,6.73,-0.42,-0.35,-0.00,11.77
4,1.02,1.19,6.73,-1.10,-0.30,-0.00,11.77
0,-0.74,-3.91,6.73,-0.01,0.32,-0.00,11.77
1,1.83,-1.53,6.73,0.10,-0.53,-0.00,11.77
2,-2.20,2.54,6.73,-0.47,0.39,-0.00,11.77
3,-1.33,-0.76,6.73,0.03,0.04,-0.00,11.77
4,0.91,1.19,6.73,-1.11,0.04,-0.00,11.77
0,-0.73,-3.92,6.73,0.15,-0.15,-0.00,11.77
1,1.83,-1.58,6.73,-0.03,-0.55,-0.00,11.77
2,-2.26,2.59,6.73,-0.58,0.50,-0.00,11.77
3,-1.42,-0.84,6.73,-0.90,-0.78,-0.00,11.77
4,0.80,1.23,6.73,-1.06,0.37,-0.00,11.77
0,-0.76,-3.98,6.73,-0.28,-0.55,-0.00,11.77
1,1.86,-1.59,6.73,0.32,-0.09,-0.00,11.77
2,-2.29,2.57,6.73,-0.32,-0.20,-0.00,11.77
3,-1.49,-0.77,6.73,-0.65,0.67,-0.00,11.77
4,0.72,1.21,6.73,-0.83,-0.18,-0.00,11.77
0,-0.74,-4.00,6.73,0.14,-0.26,-0.00,11.77
1,1.83,-1.59,6.73,-0.32,0.03,-0.00,11.77
2,-2.34,2.63,6.73,-0.51,0.58,-0.00,11.77
3,-1.54,-0.75,6.73,-0.50,0.16,-0.00,11.77
4,0.64,1.14,6.73,-0.79,-0.64,-0.00,11.77
0,-0.73,-4.02,6.73,0.10,-0.19,-0.00,11.77
1,1.75,-1.58,6.73,-0.82,0.03,-0.00,11.77
2,-2.39,2.67,6.73,-0.45,0.39,-0.00,11.77
3,-1.65,-0.73,6.73,-1.12,0.20,-0.00,11.77
4,0.61,1.09,6.73,-0.29,-0.55,-0.00,11.77
0,-0.76,-4.07,6.73,-0.26,-0.51,-0.00,11.77
1,1.68,-1.55,6.73,-0.70,0.35,-0.00,11.77
2,-2.44,2.72,6.73,-0.52,0.51,-0.00,11.77
3,-1.69,-0.78,6.73,-0.46,-0.43,-0.00,11.77
4,0.61,1.04,6.73,0.04,-0.49,-0.00,11.77
0,-0.75,-4.03,6.73,0.04,0.42,-0.00,11.77
1,1.63,-1.54,6.73,-0.54,0.10,-0.00,11.77
2,-2.47,2.70,6.73,-0.27,-0.19,-0.00,11.77
3,-1.81,-0.75,6.73,-1.17,0.31,-0.00,11.77
4,0.64,1.00,6.73,0.23,-0.41,-0.00,11.77
0,-0.78,-4.08,6.73,-0.22,-0.49,-0.00,11.77
1,1.59,-1.50,6.73,-0.40,0.37,-0.00,11.77
2,-2.45,2.67,6.73,0.16,-0.35,-0.00,11.77
3,-1.86,-0.78,6.73,-0.49,-0.35,-0.00,11.77
4,0.61,1.05,6.73,-0.31,0.50,-0.00,11.77
0,-0.80,-4.13,6.73,-0.20,-0.48,-0.00,11.77
1,1.54,-1.43,6.73,-0.50,0.69,-0.00,11.77
2,-2.44,2.69,6.73,0.07,0.18,-0.00,11.77
3,-1.91,-0.82,6.73,-0.46,-0.37,-0.00,11.77
4,0.65,1.01,6.73,0.40,-0.38,-0.00,11.77
0,-0.78,-4.13,6.73,0.20,-0.02,-0.00,11.77
1,1.45,-1.39,6.73,-0.89,0.41,-0.00,11.77
2,-2.43,2.65,6.73,0.15,-0.30,-0.00,11.77
3,-2.02,-0.78,6.73,-1.14,0.34,-0.00,11.77
4,0.66,1.12,6.73,0.11,1.08,-0.00,11.77
0,-0.77,-4.08,6.73,0.04,0.45,-0.00,11.77
1,1.32,-1.37,6.73,-1.27,0.22,-0.00,11.77
2,-2.46,2.65,6.73,-0.31,-0.08,-0.00,11.77
3,-2.05,-0.87,6.73,-0.26,-0.91,-0.00,11.77
4,0.67,1.21,6.73,0.16,0.86,-0.00,11.77
0,-0.76,-4.10,6.73,0.18,-0.12,-0.00,11.77
1,1.27,-1.33,6.73,-0.48,0.39,-0.00,11.77
2,-2.50,2.65,6.73,-0.36,0.00,-0.00,11.77
3,-2.16,-0.84,6.73,-1.13,0.35,-0.00,11.77
4,0.69,1.24,6.73,0.22,0.33,-0.00,11.77
0,-0.76,-4.07,6.73,0.00,0.25,-0.00,11.77
1,1.25,-1.20,6.73,-0.22,1.33,-0.00,11.77
2,-2.53,2.65,6.73,-0.35,-0.00,-0.00,11.77
3,-2.20,-0.83,6.73,-0.39,0.05,-0.00,11.77
4,0.71,1.27,6.73,0.16,0.30,-0.00,11.77
0,-0.75,-4.04,6.73,0.05,0.36,-0.00,11.77
1,1.17,-1.12,6.73,-0.76,0.80,-0.00,11.77
2,-2.53,2.69,6.73,0.05,0.41,-0.00,11.77
3,-2.24,-0.89,6.73,-0.42,-0.51,-0.00,11.77
4,0.68,1.35,6.73,-0.27,0.80,-0.00,11.77
0,-0.78,-4.04,6.73,-0.30,-0.04,-0.00,11.77
1,1.12,-1.07,6.73,-0.59,0.47,-0.00,11.77
2,-2.57,2.68,6.73,-0.40,-0.11,-0.00,11.77
3,-2.29,-0.87,6.73,-0.54,0.16,-0.00,11.77
4,0.72,1.31,6.73,0.42,-0.35,-0.00,11.77
0,-0.79,-4.00,6.73,-0.06,0.39,-0.00,11.77
1,1.01,-1.06,6.73,-1.04,0.15,-0.00,11.77
2,-2.54,2.63,6.73,0.25,-0.43,-0.00,11.77
3,-2.33,-0.86,6.73,-0.40,0.12,-0.00,11.77
4,0.69,1.38,6.73,-0.37,0.62,-0.00,11.77
0,-0.82,-4.01,6.73,-0.38,-0.13,-0.00,11.77
1,0.96,-1.02,6.73,-0.50,0.42,-0.00,11.77
2,-2.58,2.62,6.73,-0.33,-0.11,-0.00,11.77
3,-2.37,-0.90,6.73,-0.38,-0.48,-0.00,11.77
4,0.71,1.43,6.73,0.25,0.54,-0.00,11.77
0,-0.83,-4.08,6.73,-0.00,-0.70,-0.00,11.77
1,0.95,-0.95,6.73,-0.15,0.62,-0.00,11.77
2,-2.56,2.58,6.73,0.14,-0.39,-0.00,11.77
3,-2.44,-0.85,6.73,-0.68,0.55,-0.00,11.77
4,0.74,1.47,6.73,0.23,0.39,-0.00,11.77
0,-0.83,-4.03,6.73,-0.01,0.56,-0.00,11.77
1,0.92,-0.93,6.73,-0.24,0.22,-0.00,11.77
2,-2.60,2.64,6.73,-0.40,0.58,-0.00,11.77
3,-2.48,-0.90,6.73,-0.37,-0.50,-0.00,11.77
4,0.76,1.51,6.73,0.25,0.41,-0.00,11.77
0,-0.82,-4.00,6.73,0.08,0.26,-0.00,11.77
1,0.89,-0.94,6.73,-0.33,-0.04,-0.00,11.77
2,-2.58,2.62,6.73,0.19,-0.23,-0.00,11.77
3,-2.52,-0.90,6.73,-0.38,-0.00,-0.00,11.77
4,0.74,1.59,6.73,-0.26,0.75,-0.00,11.77
0,-0.81,-3.96,6.73,0.03,0.46,-0.00,11.77
1,0.85,-0.95,6.73,-0.38,-0.18,-0.00,11.77
2,-2.62,2.61,6.73,-0.34,-0.14,-0.00,11.77
3,-2.55,-0.89,6.73,-0.38,0.10,-0.00,11.77
4,0.72,1.65,6.73,-0.15,0.69,-0.00,11.77
0,-0.82,-3.91,6.73,-0.06,0.44,-0.00,11.77
1,0.84,-0.85,6.73,-0.16,1.02,-0.00,11.77
2,-2.65,2.64,6.73,-0.35,0.34,-0.00,11.77
3,-2.55,-0.95,6.73,0.06,-0.58,-0.00,11.77
4,0.70,1.70,6.73,-0.19,0.49,-0.00,11.77
0,-0.82,-3.96,6.73,0.01,-0.52,-0.00,11.77
1,0.91,-0.87,6.73,0.69,-0.18,-0.00,11.77
2,-2.68,2.62,6.73,-0.32,-0.16,-0.00,11.77
3,-2.62,-0.89,6.73,-0.68,0.61,-0.00,11.77
4,0.73,1.74,6.73,0.30,0.36,-0.00,11.77
0,-0.82,-3.93,6.73,-0.00,0.28,-0.00,11.77
1,0.89,-0.94,6.73,-0.11,-0.71,-0.00,11.77
2,-2.66,2.58,6.73,0.26,-0.42,-0.00,11.77
3,-2.60,-0.88,6.73,0.20,0.08,-0.00,11.77
4,0.71,1.73,6.73,-0.20,-0.05,-0.00,11.77
0,-0.86,-3.95,6.73,-0.36,-0.16,-0.00,11.77
1,0.97,-0.97,6.73,0.79,-0.27,-0.00,11.77
2,-2.69,2.62,6.73,-0.34,0.33,-0.00,11.77
3,-2.63,-0.93,6.73,-0.34,-0.50,-0.00,11.77
4,0.75,1.78,6.73,0.39,0.41,-0.00,11.77
0,-0.87,-3.92,6.73,-0.11,0.28,-0.00,11.77
1,0.98,-0.98,6.73,0.10,-0.15,-0.00,11.77
2,-2.67,2.58,6.73,0.16,-0.32,-0.00,11.77
3,-2.60,-0.93,6.73,0.26,-0.01,-0.00,11.77
4,0.73,1.83,6.73,-0.20,0.53,-0.00,11.77
0,-0.87,-3.99,6.73,-0.07,-0.67,-0.00,11.77
1,1.00,-0.93,6.73,0.16,0.53,-0.00,11.77
2,-2.72,2.58,6.73,-0.48,0.00,-0.00,11.77
3,-2.62,-0.88,6.73,-0.15,0.53,-0.00,11.77
4,0.77,1.81,6.73,0.39,-0.19,-0.00,11.77
0,-0.87,-3.96,6.73,-0.00,0.26,-0.00,11.77
1,0.98,-0.99,6.73,-0.16,-0.57,-0.00,11.77
2,-2.71,2.62,6.73,0.09,0.40,-0.00,11.77
3,-2.60,-0.94,6.73,0.17,-0.59,-0.00,11.77
4,0.75,1.80,6.73,-0.20,-0.06,-0.00,11.77
0,-0.84,-3.98,6.73,0.35,-0.18,-0.00,11.77
1,0.98,-1.00,6.73,-0.05,-0.09,-0.00,11.77
2,-2.69,2.58,6.73,0.27,-0.43,-0.00,11.77
3,-2.61,-0.88,6.73,-0.05,0.61,-0.00,11.77
4,0.73,1.78,6.73,-0.15,-0.25,-0.00,11.77
0,-0.87,-3.98,6.73,-0.32,0.03,-0.00,11.77
1,1.00,-1.01,6.73,0.21,-0.14,-0.00,11.77
2,-2.68,2.62,6.73,0.10,0.40,-0.00,11.77
3,-2.59,-0.92,6.73,0.21,-0.43,-0.00,11.77
4,0.71,1.76,6.73,-0.24,-0.22,-0.00,11.77
0,-0.87,-3.94,6.73,0.05,0.34,-0.00,11.77
1,0.99,-1.07,6.73,-0.14,-0.56,-0.00,11.77
2,-2.71,2.59,6.73,-0.32,-0.28,-0.00,11.77
3,-2.57,-0.92,6.73,0.15,0.01,-0.00,11.77
4,0.74,1.79,6.73,0.27,0.30,-0.00,11.77
0,-0.86,-4.01,6.73,0.02,-0.70,-0.00,11.77
1,1.00,-1.08,6.73,0.12,-0.10,-0.00,11.77
2,-2.68,2.55,6.73,0.27,-0.42,-0.00,11.77
3,-2.58,-0.86,6.73,-0.05,0.61,-0.00,11.77
4,0.71,1.85,6.73,-0.25,0.59,-0.00,11.77
0,-0.87,-3.97,6.73,-0.06,0.45,-0.00,11.77
1,0.98,-1.13,6.73,-0.15,-0.51,-0.00,11.77
2,-2.67,2.59,6.73,0.09,0.41,-0.00,11.77
3,-2.55,-0.90,6.73,0.22,-0.44,-0.00,11.77
4,0.74,1.87,6.73,0.29,0.27,-0.00,11.77
0,-0.90,-3.97,6.73,-0.29,-0.07,-0.00,11.77
1,0.99,-1.13,6.73,0.12,-0.06,-0.00,11.77
2,-2.71,2.62,6.73,-0.34,0.30,-0.00,11.77
3,-2.53,-0.89,6.73,0.20,0.07,-0.00,11.77
4,0.78,1.91,6.73,0.39,0.33,-0.00,11.77
0,-0.90,-4.04,6.73,-0.00,-0.69,-0.00,11.77
1,1.00,-1.08,6.73,0.07,0.54,-0.00,11.77
2,-2.69,2.58,6.73,0.17,-0.40,-0.00,11.77
3,-2.54,-0.83,6.73,-0.04,0.61,-0.00,11.77
4,0.77,1.90,6.73,-0.10,-0.08,-0.00,11.77
0,-0.90,-3.99,6.73,0.00,0.55,-0.00,11.77
1,0.97,-1.07,6.73,-0.27,0.03,-0.00,11.77
2,-2.67,2.60,6.73,0.24,0.19,-0.00,11.77
3,-2.52,-0.89,6.73,0.17,-0.61,-0.00,11.77
4,0.75,1.95,6.73,-0.24,0.55,-0.00,11.77
0,-0.90,-4.04,6.73,-0.04,-0.49,-0.00,11.77
1,1.02,-1.13,6.73,0.43,-0.51,-0.00,11.77
2,-2.70,2.58,6.73,-0.33,-0.21,-0.00,11.77
3,-2.51,-0.93,6.73,0.12,-0.41,-0.00,11.77
4,0.78,1.98,6.73,0.30,0.25,-0.00,11.77
0,-0.88,-4.06,6.73,0.17,-0.25,-0.00,11.77
1,1.00,-1.17,6.73,-0.17,-0.46,-0.00,11.77
2,-2.68,2.54,6.73,0.17,-0.40,-0.00,11.77
3,-2.51,-0.87,6.73,-0.03,0.62,-0.00,11.77
4,0.76,2.03,6.73,-0.14,0.49,-0.00,11.77
0,-0.91,-4.08,6.73,-0.27,-0.15,-0.00,11.77
1,1.01,-1.17,6.73,0.11,-0.02,-0.00,11.77
2,-2.72,2.57,6.73,-0.36,0.28,-0.00,11.77
3,-2.49,-0.87,6.73,0.25,-0.02,-0.00,11.77
4,0.74,2.06,6.73,-0.19,0.29,-0.00,11.77
0,-0.94,-4.09,6.73,-0.27,-0.14,-0.00,11.77
1,1.02,-1.18,6.73,0.11,-0.01,-0.00,11.77
2,-2.72,2.60,6.73,0.02,0.31,-0.00,11.77
3,-2.46,-0.88,6.73,0.24,-0.02,-0.00,11.77
4,0.78,2.02,6.73,0.35,-0.34,-0.00,11.77
0,-0.93,-4.06,6.73,0.06,0.36,-0.00,11.77
1,1.06,-1.23,6.73,0.37,-0.57,-0.00,11.77
2,-2.69,2.61,6.73,0.23,0.17,-0.00,11.77
3,-2.50,-0.93,6.73,-0.41,-0.55,-0.00,11.77
4,0.75,2.07,6.73,-0.24,0.49,-0.00,11.77
0,-0.94,-4.10,6.73,-0.07,-0.48,-0.00,11.77
1,1.05,-1.27,6.73,-0.06,-0.42,-0.00,11.77
2,-2.74,2.61,6.73,-0.48,-0.03,-0.00,11.77
3,-2.51,-0.87,6.73,-0.03,0.62,-0.00,11.77
4,0.79,2.10,6.73,0.39,0.27,-0.00,11.77
0,-0.94,-4.06,6.73,-0.05,0.47,-0.00,11.77
1,1.04,-1.31,6.73,-0.17,-0.39,-0.00,11.77
2,-2.72,2.58,6.73,0.27,-0.32,-0.00,11.77
3,-2.48,-0.92,6.73,0.28,-0.51,-0.00,11.77
4,0.77,2.13,6.73,-0.19,0.35,-0.00,11.77
0,-0.95,-4.14,6.73,-0.09,-0.86,-0.00,11.77
1,1.05,-1.31,6.73,0.13,0.04,-0.00,11.77
2,-2.69,2.54,6.73,0.27,-0.42,-0.00,11.77
3,-2.46,-0.90,6.73,0.19,0.18,-0.00,11.77
4,0.74,2.16,6.73,-0.28,0.24,-0.00,11.77
0,-0.98,-4.17,6.73,-0.24,-0.22,-0.00,11.77
1,1.07,-1.32,6.73,0.23,-0.08,-0.00,11.77
2,-2.73,2.58,6.73,-0.42,0.45,-0.00,11.77
3,-2.44,-0.94,6.73,0.23,-0.43,-0.00,11.77
4,0.78,2.17,6.73,0.31,0.17,-0.00,11.77
0,-0.97,-4.13,6.73,0.07,0.36,-0.00,11.77
1,1.06,-1.32,6.73,-0.16,-0.07,-0.00,11.77
2,-2.71,2.54,6.73,0.17,-0.41,-0.00,11.77
3,-2.41,-0.93,6.73,0.23,0.09,-0.00,11.77
4,0.75,2.14,6.73,-0.24,-0.37,-0.00,11.77
0,-1.01,-4.14,6.73,-0.39,-0.12,-0.00,11.77
1,1.12,-1.28,6.73,0.68,0.46,-0.00,11.77
2,-2.75,2.52,6.73,-0.33,-0.25,-0.00,11.77
3,-2.40,-0.98,6.73,0.14,-0.40,-0.00,11.77
4,0.74,2.17,6.73,-0.09,0.31,-0.00,11.77
0,-0.98,-4.14,6.73,0.26,0.00,-0.00,11.77
1,1.10,-1.32,6.73,-0.22,-0.46,-0.00,11.77
2,-2.72,2.47,6.73,0.28,-0.42,-0.00,11.77
3,-2.40,-0.91,6.73,-0.02,0.64,-0.00,11.77
4,0.71,2.19,6.73,-0.30,0.23,-0.00,11.77
0,-0.98,-4.12,6.73,0.02,0.18,-0.00,11.77
1,1.08,-1.32,6.73,-0.17,0.03,-0.00,11.77
2,-2.76,2.50,6.73,-0.39,0.25,-0.00,11.77
3,-2.38,-0.96,6.73,0.18,-0.52,-0.00,11.77
4,0.75,2.15,6.73,0.37,-0.42,-0.00,11.77
0,-0.99,-4.17,6.73,-0.09,-0.48,-0.00,11.77
1,1.16,-1.32,6.73,0.72,-0.03,-0.00,11.77
2,-2.74,2.54,6.73,0.16,0.37,-0.00,11.77
3,-2.39,-0.96,6.73,-0.06,0.06,-0.00,11.77
4,0.74,2.12,6.73,-0.14,-0.27,-0.00,11.77
0,-0.99,-4.15,6.73,-0.05,0.20,-0.00,11.77
1,1.13,-1.37,6.73,-0.22,-0.45,-0.00,11.77
2,-2.73,2.52,6.73,0.11,-0.11,-0.00,11.77
3,-2.38,-0.95,6.73,0.09,0.09,-0.00,11.77
4,0.71,2.16,6.73,-0.25,0.42,-0.00,11.77
0,-0.97,-4.15,6.73,0.26,0.01,-0.00,11.77
1,1.10,-1.35,6.73,-0.29,0.15,-0.00,11.77
2,-2.78,2.51,6.73,-0.45,-0.14,-0.00,11.77
3,-2.38,-0.89,6.73,-0.00,0.53,-0.00,11.77
4,0.76,2.13,6.73,0.46,-0.34,-0.00,11.77
0,-1.00,-4.16,6.73,-0.29,-0.12,-0.00,11.77
1,1.08,-1.33,6.73,-0.23,0.23,-0.00,11.77
2,-2.76,2.53,6.73,0.21,0.19,-0.00,11.77
3,-2.35,-0.95,6.73,0.29,-0.52,-0.00,11.77
4,0.73,2.09,6.73,-0.23,-0.36,-0.00,11.77
0,-0.99,-4.14,6.73,0.11,0.27,-0.00,11.77
1,1.12,-1.38,6.73,0.38,-0.53,-0.00,11.77
2,-2.74,2.57,6.73,0.16,0.36,-0.00,11.77
3,-2.36,-0.89,6.73,-0.10,0.55,-0.00,11.77
4,0.70,2.12,6.73,-0.29,0.24,-0.00,11.77
0,-1.03,-4.15,6.73,-0.40,-0.11,-0.00,11.77
1,1.13,-1.32,6.73,0.08,0.63,-0.00,11.77
2,-2.78,2.59,6.73,-0.38,0.25,-0.00,11.77
3,-2.33,-0.94,6.73,0.29,-0.52,-0.00,11.77
4,0.75,2.09,6.73,0.42,-0.25,-0.00,11.77
0,-1.00,-4.17,6.73,0.30,-0.20,-0.00,11.77
1,1.17,-1.37,6.73,0.37,-0.53,-0.00,11.77
2,-2.76,2.55,6.73,0.18,-0.41,-0.00,11.77
3,-2.38,-0.92,6.73,-0.42,0.25,-0.00,11.77
4,0.72,2.07,6.73,-0.24,-0.26,-0.00,11.77
0,-0.99,-4.11,6.73,0.02,0.55,-0.00,11.77
1,1.17,-1.43,6.73,0.00,-0.58,-0.00,11.77
2,-2.75,2.58,6.73,0.10,0.28,-0.00,11.77
3,-2.35,-0.97,6.73,0.29,-0.51,-0.00,11.77
4,0.70,2.09,6.73,-0.20,0.23,-0.00,11.77
0,-0.97,-4.12,6.73,0.20,-0.09,-0.00,11.77
1,1.15,-1.41,6.73,-0.13,0.22,-0.00,11.77
2,-2.80,2.57,6.73,-0.48,-0.03,-0.00,11.77
3,-2.36,-0.90,6.73,-0.12,0.66,-0.00,11.77
4,0.74,2.05,6.73,0.37,-0.44,-0.00,11.77
0,-1.01,-4.11,6.73,-0.35,0.07,-0.00,11.77
1,1.16,-1.36,6.73,0.09,0.53,-0.00,11.77
2,-2.78,2.55,6.73,0.16,-0.21,-0.00,11.77
3,-2.34,-0.90,6.73,0.22,0.08,-0.00,11.77
4,0.73,2.10,6.73,-0.06,0.49,-0.00,11.77
0,-0.98,-4.11,6.73,0.25,-0.00,-0.00,11.77
1,1.14,-1.40,6.73,-0.22,-0.45,-0.00,11.77
2,-2.77,2.59,6.73,0.15,0.37,-0.00,11.77
3,-2.34,-0.89,6.73,-0.04,0.05,-0.00,11.77
4,0.71,2.12,6.73,-0.20,0.23,-0.00,11.77
0,-1.02,-4.12,6.73,-0.31,-0.02,-0.00,11.77
1,1.16,-1.35,6.73,0.20,0.51,-0.00,11.77
2,-2.74,2.55,6.73,0.28,-0.43,-0.00,11.77
3,-2.34,-0.83,6.73,-0.01,0.63,-0.00,11.77
4,0.69,2.09,6.73,-0.24,-0.26,-0.00,11.77
0,-1.01,-4.08,6.73,0.07,0.36,-0.00,11.77
1,1.14,-1.39,6.73,-0.21,-0.45,-0.00,11.77
2,-2.79,2.58,6.73,-0.51,0.38,-0.00,11.77
3,-2.31,-0.88,6.73,0.29,-0.54,-0.00,11.77
4,0.72,2.11,6.73,0.29,0.16,-0.00,11.77
0,-0.99,-4.11,6.73,0.14,-0.27,-0.00,11.77
1,1.19,-1.39,6.73,0.48,0.03,-0.00,11.77
2,-2.78,2.62,6.73,0.15,0.36,-0.00,11.77
3,-2.37,-0.87,6.73,-0.52,0.14,-0.00,11.77
4,0.70,2.09,6.73,-0.15,-0.17,-0.00,11.77
0,-1.02,-4.12,6.73,-0.30,-0.11,-0.00,11.77
1,1.20,-1.33,6.73,0.18,0.61,-0.00,11.77
2,-2.76,2.60,6.73,0.15,-0.21,-0.00,11.77
3,-2.34,-0.87,6.73,0.23,-0.02,-0.00,11.77
4,0.69,2.05,6.73,-0.12,-0.37,-0.00,11.77
0,-1.02,-4.07,6.73,0.06,0.46,-0.00,11.77
1,1.19,-1.33,6.73,-0.18,0.03,-0.00,11.77
2,-2.79,2.58,6.73,-0.32,-0.23,-0.00,11.77
3,-2.32,-0.92,6.73,0.19,-0.50,-0.00,11.77
4,0.72,2.07,6.73,0.27,0.16,-0.00,11.77
0,-0.99,-4.10,6.73,0.25,-0.29,-0.00,11.77
1,1.18,-1.39,6.73,-0.10,-0.57,-0.00,11.77
2,-2.77,2.55,6.73,0.23,-0.23,-0.00,11.77
3,-2.32,-0.87,6.73,-0.00,0.55,-0.00,11.77
4,0.68,2.10,6.73,-0.31,0.25,-0.00,11.77
0,-1.01,-4.15,6.73,-0.13,-0.47,-0.00,11.77
1,1.20,-1.33,6.73,0.19,0.51,-0.00,11.77
2,-2.81,2.58,6.73,-0.39,0.26,-0.00,11.77
3,-2.32,-0.86,6.73,0.07,0.03,-0.00,11.77
4,0.72,2.05,6.73,0.37,-0.43,-0.00,11.77
0,-1.00,-4.10,6.73,0.06,0.46,-0.00,11.77
1,1.19,-1.33,6.73,-0.10,0.01,-0.00,11.77
2,-2.80,2.60,6.73,0.10,0.18,-0.00,11.77
3,-2.29,-0.92,6.73,0.30,-0.52,-0.00,11.77
4,0.70,2.03,6.73,-0.24,-0.25,-0.00,11.77
0,-0.97,-4.12,6.73,0.30,-0.21,-0.00,11.77
1,1.17,-1.33,6.73,-0.18,0.03,-0.00,11.77
2,-2.79,2.60,6.73,0.10,-0.02,-0.00,11.77
3,-2.30,-0.86,6.73,-0.10,0.55,-0.00,11.77
4,0.67,2.05,6.73,-0.31,0.26,-0.00,11.77
0,-0.97,-4.07,6.73,0.02,0.55,-0.00,11.77
1,1.21,-1.38,6.73,0.39,-0.54,-0.00,11.77
2,-2.79,2.62,6.73,-0.02,0.29,-0.00,11.77
3,-2.33,-0.90,6.73,-0.29,-0.43,-0.00,11.77
4,0.70,2.02,6.73,0.35,-0.34,-0.00,11.77
0,-0.99,-4.09,6.73,-0.27,-0.21,-0.00,11.77
1,1.19,-1.42,6.73,-0.15,-0.37,-0.00,11.77
2,-2.76,2.58,6.73,0.29,-0.43,-0.00,11.77
3,-2.33,-0.84,6.73,-0.02,0.64,-0.00,11.77
4,0.67,2.04,6.73,-0.31,0.25,-0.00,11.77
0,-1.04,-4.10,6.73,-0.41,-0.10,-0.00,11.77
1,1.21,-1.37,6.73,0.20,0.51,-0.00,11.77
2,-2.80,2.58,6.73,-0.38,-0.04,-0.00,11.77
3,-2.31,-0.89,6.73,0.19,-0.51,-0.00,11.77
4,0.71,2.00,6.73,0.37,-0.44,-0.00,11.77
0,-1.01,-4.12,6.73,0.30,-0.21,-0.00,11.77
1,1.19,-1.42,6.73,-0.21,-0.46,-0.00,11.77
2,-2.78,2.55,6.73,0.17,-0.31,-0.00,11.77
3,-2.30,-0.88,6.73,0.09,0.09,-0.00,11.77
4,0.68,2.03,6.73,-0.32,0.26,-0.00,11.77
0,-1.04,-4.12,6.73,-0.32,-0.01,-0.00,11.77
1,1.21,-1.41,6.73,0.17,0.02,-0.00,11.77
2,-2.83,2.59,6.73,-0.44,0.45,-0.00,11.77
3,-2.29,-0.88,6.73,0.07,0.03,-0.00,11.77
4,0.71,2.05,6.73,0.37,0.24,-0.00,11.77
0,-1.01,-4.12,6.73,0.24,-0.01,-0.00,11.77
1,1.19,-1.46,6.73,-0.22,-0.44,-0.00,11.77
2,-2.80,2.55,6.73,0.29,-0.43,-0.00,11.77
3,-2.30,-0.82,6.73,-0.09,0.55,-0.00,11.77
4,0.69,2.09,6.73,-0.26,0.42,-0.00,11.77
0,-1.05,-4.12,6.73,-0.36,0.08,-0.00,11.77
1,1.19,-1.39,6.73,0.09,0.63,-0.00,11.77
2,-2.78,2.57,6.73,0.20,0.18,-0.00,11.77
3,-2.27,-0.88,6.73,0.30,-0.54,-0.00,11.77
4,0.66,2.06,6.73,-0.22,-0.36,-0.00,11.77
0,-1.02,-4.12,6.73,0.24,-0.01,-0.00,11.77
1,1.17,-1.44,6.73,-0.21,-0.44,-0.00,11.77
2,-2.82,2.59,6.73,-0.40,0.25,-0.00,11.77
3,-2.27,-0.88,6.73,-0.00,-0.04,-0.00,11.77
4,0.65,2.03,6.73,-0.14,-0.27,-0.00,11.77
0,-1.04,-4.16,6.73,-0.14,-0.48,-0.00,11.77
1,1.21,-1.42,6.73,0.36,0.14,-0.00,11.77
2,-2.79,2.55,6.73,0.29,-0.43,-0.00,11.77
3,-2.34,-0.82,6.73,-0.68,0.65,-0.00,11.77
4,0.63,2.01,6.73,-0.17,-0.17,-0.00,11.77
0,-1.04,-4.11,6.73,0.03,0.55,-0.00,11.77
1,1.20,-1.47,6.73,-0.10,-0.45,-0.00,11.77
2,-2.83,2.58,6.73,-0.39,0.28,-0.00,11.77
3,-2.31,-0.87,6.73,0.30,-0.54,-0.00,11.77
4,0.68,1.99,6.73,0.45,-0.26,-0.00,11.77
0,-1.05,-4.16,6.73,-0.14,-0.47,-0.00,11.77
1,1.21,-1.52,6.73,0.07,-0.49,-0.00,11.77
2,-2.81,2.59,6.73,0.20,0.16,-0.00,11.77
3,-2.30,-0.87,6.73,0.08,0.04,-0.00,11.77
4,0.66,2.02,6.73,-0.23,0.33,-0.00,11.77
0,-1.08,-4.17,6.73,-0.31,-0.10,-0.00,11.77
1,1.24,-1.47,6.73,0.31,0.48,-0.00,11.77
2,-2.79,2.56,6.73,0.17,-0.32,-0.00,11.77
3,-2.27,-0.92,6.73,0.30,-0.52,-0.00,11.77
4,0.63,1.99,6.73,-0.22,-0.35,-0.00,11.77
0,-1.06,-4.17,6.73,0.24,-0.02,-0.00,11.77
1,1.21,-1.45,6.73,-0.24,0.23,-0.00,11.77
2,-2.82,2.53,6.73,-0.31,-0.33,-0.00,11.77
3,-2.27,-0.90,6.73,0.07,0.19,-0.00,11.77
4,0.67,1.94,6.73,0.37,-0.45,-0.00,11.77
0,-1.03,-4.17,6.73,0.24,-0.01,-0.00,11.77
1,1.19,-1.49,6.73,-0.21,-0.45,-0.00,11.77
2,-2.81,2.55,6.73,0.09,0.18,-0.00,11.77
3,-2.26,-0.90,6.73,0.09,0.04,-0.00,11.77
4,0.64,1.97,6.73,-0.32,0.26,-0.00,11.77
0,-1.05,-4.22,6.73,-0.15,-0.47,-0.00,11.77
1,1.20,-1.43,6.73,0.08,0.62,-0.00,11.77
2,-2.79,2.56,6.73,0.19,0.16,-0.00,11.77
3,-2.26,-0.84,6.73,0.01,0.53,-0.00,11.77
4,0.62,1.93,6.73,-0.22,-0.35,-0.00,11.77
0,-1.05,-4.19,6.73,0.01,0.28,-0.00,11.77
1,1.19,-1.49,6.73,-0.08,-0.57,-0.00,11.77
2,-2.84,2.61,6.73,-0.45,0.47,-0.00,11.77
3,-2.24,-0.89,6.73,0.18,-0.51,-0.00,11.77
4,0.60,1.96,6.73,-0.22,0.24,-0.00,11.77
0,-1.04,-4.15,6.73,0.08,0.35,-0.00,11.77
1,1.22,-1.49,6.73,0.31,-0.04,-0.00,11.77
2,-2.87,2.60,6.73,-0.35,-0.13,-0.00,11.77
3,-2.28,-0.88,6.73,-0.39,0.17,-0.00,11.77
4,0.62,1.97,6.73,0.27,0.13,-0.00,11.77
0,-1.07,-4.15,6.73,-0.33,-0.00,-0.00,11.77
1,1.23,-1.43,6.73,0.08,0.61,-0.00,11.77
2,-2.85,2.55,6.73,0.29,-0.44,-0.00,11.77
3,-2.26,-0.87,6.73,0.21,0.07,-0.00,11.77
4,0.61,1.93,6.73,-0.12,-0.36,-0.00,11.77
0,-1.05,-4.15,6.73,0.23,-0.01,-0.00,11.77
1,1.21,-1.47,6.73,-0.20,-0.45,-0.00,11.77
2,-2.83,2.57,6.73,0.19,0.16,-0.00,11.77
3,-2.24,-0.92,6.73,0.19,-0.51,-0.00,11.77
4,0.59,1.93,6.73,-0.18,-0.06,-0.00,11.77
0,-1.04,-4.18,6.73,0.12,-0.28,-0.00,11.77
1,1.21,-1.51,6.73,-0.03,-0.38,-0.00,11.77
2,-2.86,2.54,6.73,-0.30,-0.32,-0.00,11.77
3,-2.30,-0.86,6.73,-0.58,0.63,-0.00,11.77
4,0.64,1.90,6.73,0.44,-0.27,-0.00,11.77
0,-1.03,-4.15,6.73,0.01,0.27,-0.00,11.77
1,1.23,-1.51,6.73,0.18,0.02,-0.00,11.77
2,-2.83,2.50,6.73,0.27,-0.33,-0.00,11.77
3,-2.27,-0.91,6.73,0.31,-0.53,-0.00,11.77
4,0.61,1.88,6.73,-0.24,-0.24,-0.00,11.77
0,-1.02,-4.16,6.73,0.17,-0.10,-0.00,11.77
1,1.25,-1.51,6.73,0.19,0.01,-0.00,11.77
2,-2.87,2.53,6.73,-0.40,0.27,-0.00,11.77
3,-2.27,-0.92,6.73,0.01,-0.05,-0.00,11.77
4,0.64,1.91,6.73,0.31,0.33,-0.00,11.77
0,-0.99,-4.19,6.73,0.23,-0.29,-0.00,11.77
1,1.27,-1.51,6.73,0.19,0.02,-0.00,11.77
2,-2.85,2.55,6.73,0.19,0.15,-0.00,11.77
3,-2.26,-0.91,6.73,0.09,0.04,-0.00,11.77
4,0.62,1.94,6.73,-0.24,0.33,-0.00,11.77
0,-0.99,-4.14,6.73,0.02,0.55,-0.00,11.77
1,1.24,-1.49,6.73,-0.31,0.16,-0.00,11.77
2,-2.82,2.51,6.73,0.28,-0.33,-0.00,11.77
3,-2.25,-0.89,6.73,0.07,0.18,-0.00,11.77
4,0.60,1.91,6.73,-0.21,-0.35,-0.00,11.77
0,-1.01,-4.20,6.73,-0.20,-0.65,-0.00,11.77
1,1.26,-1.49,6.73,0.20,0.02,-0.00,11.77
2,-2.85,2.49,6.73,-0.32,-0.22,-0.00,11.77
3,-2.25,-0.90,6.73,0.01,-0.05,-0.00,11.77
4,0.58,1.93,6.73,-0.22,0.24,-0.00,11.77
0,-1.00,-4.17,6.73,0.08,0.35,-0.00,11.77
1,1.25,-1.53,6.73,-0.09,-0.45,-0.00,11.77
2,-2.90,2.52,6.73,-0.41,0.27,-0.00,11.77
3,-2.22,-0.95,6.73,0.31,-0.53,-0.00,11.77
4,0.60,1.95,6.73,0.27,0.15,-0.00,11.77
0,-1.01,-4.13,6.73,-0.01,0.37,-0.00,11.77
1,1.22,-1.51,6.73,-0.24,0.24,-0.00,11.77
2,-2.87,2.50,6.73,0.22,-0.13,-0.00,11.77
3,-2.23,-0.88,6.73,-0.12,0.66,-0.00,11.77
4,0.59,1.93,6.73,-0.17,-0.17,-0.00,11.77
0,-1.02,-4.18,6.73,-0.16,-0.48,-0.00,11.77
1,1.24,-1.51,6.73,0.20,0.03,-0.00,11.77
2,-2.86,2.52,6.73,0.18,0.17,-0.00,11.77
3,-2.20,-0.93,6.73,0.28,-0.43,-0.00,11.77
4,0.57,1.96,6.73,-0.14,0.31,-0.00,11.77
0,-1.00,-4.18,6.73,0.23,-0.02,-0.00,11.77
1,1.22,-1.49,6.73,-0.21,0.14,-0.00,11.77
2,-2.88,2.49,6.73,-0.30,-0.33,-0.00,11.77
3,-2.26,-0.85,6.73,-0.60,0.74,-0.00,11.77
4,0.56,1.92,6.73,-0.11,-0.36,-0.00,11.77
0,-1.03,-4.17,6.73,-0.36,0.09,-0.00,11.77
1,1.22,-1.54,6.73,-0.01,-0.47,-0.00,11.77
2,-2.88,2.51,6.73,0.08,0.19,-0.00,11.77
3,-2.24,-0.86,6.73,0.22,-0.03,-0.00,11.77
4,0.60,1.95,6.73,0.35,0.23,-0.00,11.77
0,-1.07,-4.16,6.73,-0.37,0.09,-0.00,11.77
1,1.24,-1.48,6.73,0.19,0.60,-0.00,11.77
2,-2.86,2.52,6.73,0.18,0.17,-0.00,11.77
3,-2.23,-0.86,6.73,0.12,-0.01,-0.00,11.77
4,0.58,1.92,6.73,-0.13,-0.26,-0.00,11.77
0,-1.06,-4.14,6.73,0.12,0.26,-0.00,11.77
1,1.22,-1.52,6.73,-0.19,-0.44,-0.00,11.77
2,-2.85,2.54,6.73,0.08,0.18,-0.00,11.77
3,-2.21,-0.91,6.73,0.19,-0.51,-0.00,11.77
4,0.62,1.94,6.73,0.34,0.23,-0.00,11.77
0,-1.08,-4.19,6.73,-0.16,-0.48,-0.00,11.77
1,1.29,-1.47,6.73,0.68,0.51,-0.00,11.77
2,-2.82,2.50,6.73,0.29,-0.43,-0.00,11.77
3,-2.25,-0.88,6.73,-0.43,0.27,-0.00,11.77
4,0.60,1.91,6.73,-0.21,-0.34,-0.00,11.77
0,-1.07,-4.14,6.73,0.07,0.45,-0.00,11.77
1,1.28,-1.51,6.73,-0.12,-0.36,-0.00,11.77
2,-2.85,2.48,6.73,-0.32,-0.23,-0.00,11.77
3,-2.22,-0.93,6.73,0.27,-0.44,-0.00,11.77
4,0.64,1.95,6.73,0.39,0.41,-0.00,11.77
0,-1.04,-4.14,6.73,0.24,-0.03,-0.00,11.77
1,1.25,-1.49,6.73,-0.31,0.16,-0.00,11.77
2,-2.84,2.49,6.73,0.18,0.17,-0.00,11.77
3,-2.21,-0.92,6.73,0.10,0.05,-0.00,11.77
4,0.64,1.95,6.73,0.00,0.00,-0.00,11.77
0,-1.02,-4.15,6.73,0.24,-0.03,-0.00,11.77
1,1.23,-1.53,6.73,-0.13,-0.35,-0.00,11.77
2,-2.82,2.53,6.73,0.13,0.36,-0.00,11.77
3,-2.19,-0.97,6.73,0.19,-0.51,-0.00,11.77
4,0.62,1.94,6.73,-0.18,-0.07,-0.00,11.77
0,-1.05,-4.15,6.73,-0.33,-0.01,-0.00,11.77
1,1.22,-1.52,6.73,-0.12,0.12,-0.00,11.77
2,-2.85,2.51,6.73,-0.32,-0.23,-0.00,11.77
3,-2.25,-0.90,6.73,-0.61,0.75,-0.00,11.77
4,0.65,1.91,6.73,0.36,-0.35,-0.00,11.77
0,-1.06,-4.21,6.73,-0.10,-0.67,-0.00,11.77
1,1.24,-1.51,6.73,0.19,0.02,-0.00,11.77
2,-2.84,2.52,6.73,0.19,0.17,-0.00,11.77
3,-2.25,-0.84,6.73,0.01,0.53,-0.00,11.77
4,0.62,1.93,6.73,-0.32,0.25,-0.00,11.77
0,-1.06,-4.16,6.73,0.03,0.55,-0.00,11.77
1,1.21,-1.50,6.73,-0.31,0.16,-0.00,11.77
2,-2.83,2.54,6.73,0.08,0.19,-0.00,11.77
3,-2.23,-0.84,6.73,0.19,0.06,-0.00,11.77
4,0.60,1.90,6.73,-0.22,-0.34,-0.00,11.77
0,-1.10,-4.15,6.73,-0.36,0.09,-0.00,11.77
1,1.24,-1.50,6.73,0.29,-0.00,-0.00,11.77
2,-2.86,2.52,6.73,-0.32,-0.22,-0.00,11.77
3,-2.20,-0.89,6.73,0.30,-0.54,-0.00,11.77
4,0.63,1.91,6.73,0.27,0.15,-0.00,11.77
0,-1.07,-4.15,6.73,0.23,-0.03,-0.00,11.77
1,1.28,-1.55,6.73,0.39,-0.54,-0.00,11.77
2,-2.83,2.49,6.73,0.27,-0.33,-0.00,11.77
3,-2.24,-0.92,6.73,-0.31,-0.32,-0.00,11.77
4,0.61,1.96,6.73,-0.19,0.51,-0.00,11.77
0,-1.05,-4.16,6.73,0.24,-0.03,-0.00,11.77
1,1.25,-1.53,6.73,-0.24,0.24,-0.00,11.77
2,-2.87,2.51,6.73,-0.41,0.26,-0.00,11.77
3,-2.24,-0.88,6.73,-0.07,0.46,-0.00,11.77
4,0.65,1.92,6.73,0.38,-0.44,-0.00,11.77
0,-1.07,-4.20,6.73,-0.16,-0.47,-0.00,11.77
1,1.26,-1.47,6.73,0.09,0.61,-0.00,11.77
2,-2.87,2.54,6.73,0.06,0.28,-0.00,11.77
3,-2.23,-0.87,6.73,0.11,0.03,-0.00,11.77
4,0.62,1.89,6.73,-0.22,-0.34,-0.00,11.77
0,-1.07,-4.19,6.73,-0.03,0.10,-0.00,11.77
1,1.24,-1.51,6.73,-0.19,-0.45,-0.00,11.77
2,-2.85,2.58,6.73,0.13,0.35,-0.00,11.77
3,-2.20,-0.93,6.73,0.31,-0.52,-0.00,11.77
4,0.59,1.91,6.73,-0.33,0.26,-0.00,11.77
0,-1.04,-4.21,6.73,0.28,-0.22,-0.00,11.77
1,1.24,-1.57,6.73,0.03,-0.57,-0.00,11.77
2,-2.84,2.54,6.73,0.17,-0.32,-0.00,11.77
3,-2.24,-0.90,6.73,-0.43,0.27,-0.00,11.77
4,0.58,1.90,6.73,-0.15,-0.16,-0.00,11.77
0,-1.08,-4.22,6.73,-0.41,-0.08,-0.00,11.77
1,1.25,-1.51,6.73,0.08,0.61,-0.00,11.77
2,-2.83,2.56,6.73,0.09,0.17,-0.00,11.77
3,-2.22,-0.94,6.73,0.27,-0.43,-0.00,11.77
4,0.61,1.86,6.73,0.36,-0.35,-0.00,11.77
0,-1.08,-4.18,6.73,0.07,0.45,-0.00,11.77
1,1.24,-1.56,6.73,-0.07,-0.56,-0.00,11.77
2,-2.81,2.54,6.73,0.15,-0.22,-0.00,11.77
3,-2.21,-0.89,6.73,0.02,0.54,-0.00,11.77
4,0.59,1.88,6.73,-0.23,0.24,-0.00,11.77
0,-1.09,-4.22,6.73,-0.17,-0.47,-0.00,11.77
1,1.23,-1.54,6.73,-0.14,0.22,-0.00,11.77
2,-2.85,2.57,6.73,-0.41,0.27,-0.00,11.77
3,-2.21,-0.88,6.73,0.00,0.06,-0.00,11.77
4,0.64,1.85,6.73,0.46,-0.37,-0.00,11.77
0,-1.08,-4.19,6.73,0.09,0.35,-0.00,11.77
1,1.20,-1.53,6.73,-0.29,0.06,-0.00,11.77
2,-2.82,2.52,6.73,0.29,-0.44,-0.00,11.77
3,-2.19,-0.88,6.73,0.20,0.06,-0.00,11.77
4,0.60,1.87,6.73,-0.32,0.26,-0.00,11.77
0,-1.07,-4.20,6.73,0.16,-0.10,-0.00,11.77
1,1.25,-1.58,6.73,0.46,-0.47,-0.00,11.77
2,-2.81,2.51,6.73,0.12,-0.12,-0.00,11.77
3,-2.21,-0.83,6.73,-0.16,0.47,-0.00,11.77
4,0.64,1.90,6.73,0.35,0.22,-0.00,11.77
0,-1.10,-4.20,6.73,-0.33,0.00,-0.00,11.77
1,1.27,-1.52,6.73,0.19,0.59,-0.00,11.77
2,-2.79,2.53,6.73,0.18,0.17,-0.00,11.77
3,-2.19,-0.88,6.73,0.19,-0.53,-0.00,11.77
4,0.62,1.86,6.73,-0.22,-0.34,-0.00,11.77
0,-1.09,-4.15,6.73,0.07,0.45,-0.00,11.77
1,1.25,-1.57,6.73,-0.19,-0.44,-0.00,11.77
2,-2.85,2.57,6.73,-0.53,0.39,-0.00,11.77
3,-2.19,-0.88,6.73,0.01,0.06,-0.00,11.77
4,0.64,1.88,6.73,0.26,0.14,-0.00,11.77
0,-1.11,-4.20,6.73,-0.17,-0.47,-0.00,11.77
1,1.28,-1.57,6.73,0.30,0.00,-0.00,11.77
2,-2.83,2.53,6.73,0.17,-0.32,-0.00,11.77
3,-2.19,-0.81,6.73,0.00,0.64,-0.00,11.77
4,0.62,1.91,6.73,-0.24,0.33,-0.00,11.77
0,-1.11,-4.15,6.73,0.07,0.45,-0.00,11.77
1,1.25,-1.55,6.73,-0.31,0.17,-0.00,11.77
2,-2.81,2.55,6.73,0.17,0.17,-0.00,11.77
3,-2.17,-0.82,6.73,0.21,-0.04,-0.00,11.77
4,0.60,1.89,6.73,-0.16,-0.16,-0.00,11.77
0,-1.10,-4.12,6.73,0.09,0.35,-0.00,11.77
1,1.29,-1.56,6.73,0.40,-0.08,-0.00,11.77
2,-2.84,2.53,6.73,-0.32,-0.22,-0.00,11.77
3,-2.19,-0.86,6.73,-0.28,-0.41,-0.00,11.77
4,0.64,1.85,6.73,0.38,-0.45,-0.00,11.77
0,-1.11,-4.17,6.73,-0.18,-0.47,-0.00,11.77
1,1.31,-1.52,6.73,0.23,0.38,-0.00,11.77
2,-2.84,2.55,6.73,0.08,0.18,-0.00,11.77
3,-2.18,-0.90,6.73,0.18,-0.42,-0.00,11.77
4,0.61,1.87,6.73,-0.33,0.26,-0.00,11.77
0,-1.11,-4.12,6.73,0.07,0.45,-0.00,11.77
1,1.29,-1.56,6.73,-0.19,-0.43,-0.00,11.77
2,-2.81,2.50,6.73,0.29,-0.43,-0.00,11.77
3,-2.18,-0.84,6.73,-0.08,0.56,-0.00,11.77
4,0.58,1.90,6.73,-0.23,0.23,-0.00,11.77
0,-1.09,-4.13,6.73,0.16,-0.11,-0.00,11.77
1,1.27,-1.56,6.73,-0.19,0.05,-0.00,11.77
2,-2.85,2.53,6.73,-0.42,0.28,-0.00,11.77
3,-2.18,-0.85,6.73,0.04,-0.05,-0.00,11.77
4,0.62,1.85,6.73,0.39,-0.45,-0.00,11.77
0,-1.11,-4.20,6.73,-0.23,-0.65,-0.00,11.77
1,1.25,-1.54,6.73,-0.22,0.14,-0.00,11.77
2,-2.85,2.58,6.73,0.00,0.47,-0.00,11.77
3,-2.15,-0.89,6.73,0.28,-0.44,-0.00,11.77
4,0.60,1.89,6.73,-0.24,0.34,-0.00,11.77
0,-1.11,-4.17,6.73,0.02,0.28,-0.00,11.77
1,1.24,-1.53,6.73,-0.12,0.12,-0.00,11.77
2,-2.82,2.55,6.73,0.27,-0.34,-0.00,11.77
3,-2.21,-0.83,6.73,-0.56,0.65,-0.00,11.77
4,0.58,1.87,6.73,-0.15,-0.16,-0.00,11.77
0,-1.12,-4.12,6.73,-0.03,0.47,-0.00,11.77
1,1.22,-1.57,6.73,-0.19,-0.43,-0.00,11.77
2,-2.86,2.57,6.73,-0.41,0.28,-0.00,11.77
3,-2.19,-0.82,6.73,0.18,0.06,-0.00,11.77
4,0.61,1.88,6.73,0.26,0.14,-0.00,11.77
0,-1.13,-4.17,6.73,-0.19,-0.47,-0.00,11.77
1,1.29,-1.53,6.73,0.69,0.49,-0.00,11.77
2,-2.86,2.59,6.73,0.07,0.18,-0.00,11.77
3,-2.19,-0.81,6.73,0.02,0.06,-0.00,11.77
4,0.59,1.85,6.73,-0.22,-0.33,-0.00,11.77
0,-1.13,-4.12,6.73,0.04,0.55,-0.00,11.77
1,1.27,-1.57,6.73,-0.19,-0.43,-0.00,11.77
2,-2.85,2.62,6.73,0.05,0.27,-0.00,11.77
3,-2.17,-0.87,6.73,0.21,-0.51,-0.00,11.77
4,0.55,1.88,6.73,-0.33,0.26,-0.00,11.77
0,-1.11,-4.13,6.73,0.15,-0.12,-0.00,11.77
1,1.24,-1.54,6.73,-0.24,0.24,-0.00,11.77
2,-2.88,2.59,6.73,-0.29,-0.31,-0.00,11.77
3,-2.16,-0.81,6.73,0.02,0.55,-0.00,11.77
4,0.60,1.84,6.73,0.46,-0.38,-0.00,11.77
0,-1.13,-4.21,6.73,-0.18,-0.84,-0.00,11.77
1,1.29,-1.59,6.73,0.46,-0.48,-0.00,11.77
2,-2.86,2.60,6.73,0.17,0.15,-0.00,11.77
3,-2.15,-0.86,6.73,0.10,-0.49,-0.00,11.77
4,0.57,1.87,6.73,-0.33,0.27,-0.00,11.77
0,-1.13,-4.16,6.73,0.04,0.55,-0.00,11.77
1,1.27,-1.59,6.73,-0.19,0.05,-0.00,11.77
2,-2.84,2.58,6.73,0.24,-0.24,-0.00,11.77
3,-2.15,-0.86,6.73,0.01,0.00,-0.00,11.77
4,0.55,1.83,6.73,-0.21,-0.34,-0.00,11.77
0,-1.12,-4.11,6.73,0.07,0.45,-0.00,11.77
1,1.25,-1.63,6.73,-0.19,-0.42,-0.00,11.77
2,-2.87,2.56,6.73,-0.32,-0.21,-0.00,11.77
3,-2.16,-0.79,6.73,-0.09,0.66,-0.00,11.77
4,0.57,1.84,6.73,0.26,0.12,-0.00,11.77
0,-1.16,-4.11,6.73,-0.35,0.00,-0.00,11.77
1,1.23,-1.60,6.73,-0.24,0.25,-0.00,11.77
2,-2.85,2.57,6.73,0.17,0.16,-0.00,11.77
3,-2.14,-0.85,6.73,0.20,-0.52,-0.00,11.77
4,0.55,1.81,6.73,-0.21,-0.33,-0.00,11.77
0,-1.17,-4.18,6.73,-0.15,-0.68,-0.00,11.77
1,1.27,-1.65,6.73,0.47,-0.48,-0.00,11.77
2,-2.90,2.60,6.73,-0.42,0.28,-0.00,11.77
3,-2.20,-0.83,6.73,-0.54,0.12,-0.00,11.77
4,0.53,1.84,6.73,-0.22,0.24,-0.00,11.77
0,-1.16,-4.13,6.73,0.07,0.45,-0.00,11.77
1,1.24,-1.63,6.73,-0.32,0.18,-0.00,11.77
2,-2.87,2.58,6.73,0.24,-0.25,-0.00,11.77
3,-2.19,-0.77,6.73,0.02,0.63,-0.00,11.77
4,0.52,1.81,6.73,-0.13,-0.25,-0.00,11.77
0,-1.20,-4.12,6.73,-0.38,0.11,-0.00,11.77
1,1.27,-1.60,6.73,0.25,0.38,-0.00,11.77
2,-2.91,2.60,6.73,-0.42,0.29,-0.00,11.77
3,-2.18,-0.77,6.73,0.11,-0.02,-0.00,11.77
4,0.57,1.79,6.73,0.51,-0.21,-0.00,11.77
0,-1.19,-4.10,6.73,0.12,0.25,-0.00,11.77
1,1.25,-1.64,6.73,-0.19,-0.42,-0.00,11.77
2,-2.91,2.62,6.73,0.07,0.17,-0.00,11.77
3,-2.15,-0.82,6.73,0.29,-0.44,-0.00,11.77
4,0.55,1.76,6.73,-0.13,-0.25,-0.00,11.77
0,-1.18,-4.13,6.73,0.09,-0.29,-0.00,11.77
1,1.33,-1.65,6.73,0.81,-0.12,-0.00,11.77
2,-2.89,2.59,6.73,0.17,-0.32,-0.00,11.77
3,-2.17,-0.77,6.73,-0.14,0.49,-0.00,11.77
4,0.53,1.79,6.73,-0.23,0.24,-0.00,11.77
0,-1.18,-4.08,6.73,-0.03,0.47,-0.00,11.77
1,1.30,-1.64,6.73,-0.30,0.08,-0.00,11.77
2,-2.89,2.62,6.73,0.04,0.28,-0.00,11.77
3,-2.17,-0.78,6.73,0.03,-0.10,-0.00,11.77
4,0.52,1.77,6.73,-0.15,-0.15,-0.00,11.77
0,-1.22,-4.10,6.73,-0.40,-0.15,-0.00,11.77
1,1.29,-1.63,6.73,-0.12,0.12,-0.00,11.77
2,-2.89,2.66,6.73,-0.00,0.46,-0.00,11.77
3,-2.15,-0.77,6.73,0.14,0.04,-0.00,11.77
4,0.50,1.74,6.73,-0.20,-0.32,-0.00,11.77
0,-1.20,-4.10,6.73,0.21,-0.05,-0.00,11.77
1,1.28,-1.67,6.73,-0.08,-0.43,-0.00,11.77
2,-2.86,2.62,6.73,0.29,-0.45,-0.00,11.77
3,-2.15,-0.71,6.73,0.02,0.63,-0.00,11.77
4,0.47,1.77,6.73,-0.24,0.24,-0.00,11.77
0,-1.25,-4.11,6.73,-0.43,-0.05,-0.00,11.77
1,1.29,-1.61,6.73,0.11,0.60,-0.00,11.77
2,-2.90,2.65,6.73,-0.43,0.31,-0.00,11.77
3,-2.13,-0.75,6.73,0.18,-0.43,-0.00,11.77
4,0.52,1.73,6.73,0.46,-0.40,-0.00,11.77
0,-1.23,-4.11,6.73,0.20,-0.04,-0.00,11.77
1,1.29,-1.67,6.73,0.04,-0.57,-0.00,11.77
2,-2.89,2.67,6.73,0.06,0.16,-0.00,11.77
3,-2.12,-0.75,6.73,0.16,0.05,-0.00,11.77
4,0.51,1.73,6.73,-0.10,0.03,-0.00,11.77
0,-1.21,-4.12,6.73,0.20,-0.04,-0.00,11.77
1,1.28,-1.70,6.73,-0.11,-0.33,-0.00,11.77
2,-2.87,2.64,6.73,0.24,-0.25,-0.00,11.77
3,-2.11,-0.69,6.73,0.03,0.63,-0.00,11.77
4,0.49,1.71,6.73,-0.23,-0.22,-0.00,11.77
0,-1.24,-4.10,6.73,-0.38,0.12,-0.00,11.77
1,1.26,-1.68,6.73,-0.24,0.26,-0.00,11.77
2,-2.92,2.69,6.73,-0.47,0.50,-0.00,11.77
3,-2.08,-0.73,6.73,0.29,-0.46,-0.00,11.77
4,0.52,1.66,6.73,0.38,-0.47,-0.00,11.77
0,-1.27,-4.15,6.73,-0.23,-0.46,-0.00,11.77
1,1.34,-1.69,6.73,0.82,-0.16,-0.00,11.77
2,-2.89,2.65,6.73,0.30,-0.46,-0.00,11.77
3,-2.14,-0.66,6.73,-0.52,0.69,-0.00,11.77
4,0.50,1.69,6.73,-0.24,0.26,-0.00,11.77
0,-1.26,-4.10,6.73,0.06,0.54,-0.00,11.77
1,1.32,-1.73,6.73,-0.18,-0.40,-0.00,11.77
2,-2.86,2.61,6.73,0.27,-0.35,-0.00,11.77
3,-2.12,-0.67,6.73,0.20,-0.06,-0.00,11.77
4,0.47,1.73,6.73,-0.30,0.44,-0.00,11.77
0,-1.26,-4.07,6.73,0.03,0.27,-0.00,11.77
1,1.30,-1.72,6.73,-0.22,0.16,-0.00,11.77
2,-2.90,2.64,6.73,-0.43,0.32,-0.00,11.77
3,-2.09,-0.72,6.73,0.29,-0.47,-0.00,11.77
4,0.51,1.68,6.73,0.39,-0.47,-0.00,11.77
0,-1.28,-4.11,6.73,-0.24,-0.46,-0.00,11.77
1,1.33,-1.72,6.73,0.26,0.01,-0.00,11.77
2,-2.89,2.66,6.73,0.15,0.14,-0.00,11.77
3,-2.07,-0.71,6.73,0.17,0.04,-0.00,11.77
4,0.48,1.71,6.73,-0.24,0.24,-0.00,11.77
0,-1.26,-4.12,6.73,0.19,-0.04,-0.00,11.77
1,1.29,-1.70,6.73,-0.32,0.19,-0.00,11.77
2,-2.86,2.62,6.73,0.27,-0.35,-0.00,11.77
3,-2.06,-0.66,6.73,0.06,0.52,-0.00,11.77
4,0.46,1.68,6.73,-0.20,-0.31,-0.00,11.77
0,-1.26,-4.09,6.73,0.03,0.27,-0.00,11.77
1,1.28,-1.73,6.73,-0.10,-0.33,-0.00,11.77
2,-2.90,2.65,6.73,-0.44,0.32,-0.00,11.77
3,-2.08,-0.76,6.73,-0.13,-0.98,-0.00,11.77
4,0.53,1.73,6.73,0.68,0.52,-0.00,11.77
0,-1.30,-4.09,6.73,-0.36,0.03,-0.00,11.77
1,1.37,-1.70,6.73,0.82,0.30,-0.00,11.77
2,-2.89,2.62,6.73,0.17,-0.32,-0.00,11.77
3,-2.13,-0.68,6.73,-0.54,0.80,-0.00,11.77
4,0.51,1.71,6.73,-0.23,-0.22,-0.00,11.77
0,-1.29,-4.05,6.73,0.08,0.43,-0.00,11.77
1,1.34,-1.67,6.73,-0.25,0.26,-0.00,11.77
2,-2.87,2.63,6.73,0.15,0.16,-0.00,11.77
3,-2.12,-0.68,6.73,0.10,-0.03,-0.00,11.77
4,0.49,1.69,6.73,-0.15,-0.14,-0.00,11.77
0,-1.27,-4.05,6.73,0.20,-0.05,-0.00,11.77
1,1.33,-1.71,6.73,-0.10,-0.33,-0.00,11.77
2,-2.91,2.64,6.73,-0.35,0.01,-0.00,11.77
3,-2.11,-0.69,6.73,0.09,-0.04,-0.00,11.77
4,0.49,1.68,6.73,-0.05,-0.17,-0.00,11.77
0,-1.25,-4.06,6.73,0.20,-0.05,-0.00,11.77
1,1.31,-1.75,6.73,-0.18,-0.39,-0.00,11.77
2,-2.90,2.66,6.73,0.03,0.27,-0.00,11.77
3,-2.09,-0.73,6.73,0.19,-0.43,-0.00,11.77
4,0.47,1.70,6.73,-0.25,0.25,-0.00,11.77
0,-1.27,-4.10,6.73,-0.25,-0.46,-0.00,11.77
1,1.33,-1.70,6.73,0.15,0.50,-0.00,11.77
2,-2.90,2.70,6.73,0.01,0.35,-0.00,11.77
3,-2.06,-0.77,6.73,0.29,-0.44,-0.00,11.77
4,0.45,1.69,6.73,-0.15,-0.14,-0.00,11.77
0,-1.25,-4.11,6.73,0.20,-0.06,-0.00,11.77
1,1.32,-1.73,6.73,-0.10,-0.32,-0.00,11.77
2,-2.87,2.65,6.73,0.29,-0.46,-0.00,11.77
3,-2.06,-0.72,6.73,0.05,0.54,-0.00,11.77
4,0.42,1.73,6.73,-0.30,0.44,-0.00,11.77
0,-1.24,-4.09,6.73,0.12,0.24,-0.00,11.77
1,1.30,-1.72,6.73,-0.20,0.06,-0.00,11.77
2,-2.87,2.67,6.73,0.05,0.16,-0.00,11.77
3,-2.08,-0.76,6.73,-0.25,-0.38,-0.00,11.77
4,0.50,1.73,6.73,0.79,0.04,-0.00,11.77
0,-1.27,-4.13,6.73,-0.24,-0.46,-0.00,11.77
1,1.31,-1.66,6.73,0.12,0.60,-0.00,11.77
2,-2.86,2.65,6.73,0.14,-0.23,-0.00,11.77
3,-2.08,-0.69,6.73,0.03,0.64,-0.00,11.77
4,0.54,1.70,6.73,0.42,-0.31,-0.00,11.77
0,-1.26,-4.09,6.73,0.08,0.44,-0.00,11.77
1,1.29,-1.66,6.73,-0.20,0.05,-0.00,11.77
2,-2.85,2.68,6.73,0.01,0.37,-0.00,11.77
3,-2.05,-0.75,6.73,0.31,-0.55,-0.00,11.77
4,0.51,1.75,6.73,-0.29,0.45,-0.00,11.77
0,-1.24,-4.09,6.73,0.20,-0.05,-0.00,11.77
1,1.34,-1.73,6.73,0.52,-0.68,-0.00,11.77
2,-2.84,2.66,6.73,0.14,-0.23,-0.00,11.77
3,-2.10,-0.67,6.73,-0.55,0.80,-0.00,11.77
4,0.54,1.76,6.73,0.24,0.11,-0.00,11.77
0,-1.23,-4.06,6.73,0.10,0.34,-0.00,11.77
1,1.32,-1.72,6.73,-0.20,0.06,-0.00,11.77
2,-2.89,2.70,6.73,-0.54,0.43,-0.00,11.77
3,-2.07,-0.72,6.73,0.31,-0.56,-0.00,11.77
4,0.58,1.73,6.73,0.42,-0.30,-0.00,11.77
0,-1.25,-4.14,6.73,-0.25,-0.83,-0.00,11.77
1,1.34,-1.67,6.73,0.15,0.50,-0.00,11.77
2,-2.86,2.66,6.73,0.30,-0.45,-0.00,11.77
3,-2.07,-0.66,6.73,0.03,0.63,-0.00,11.77
4,0.56,1.71,6.73,-0.16,-0.14,-0.00,11.77
0,-1.25,-4.09,6.73,-0.02,0.47,-0.00,11.77
1,1.33,-1.70,6.73,-0.11,-0.33,-0.00,11.77
2,-2.84,2.64,6.73,0.22,-0.15,-0.00,11.77
3,-2.05,-0.67,6.73,0.20,-0.06,-0.00,11.77
4,0.54,1.74,6.73,-0.24,0.25,-0.00,11.77
0,-1.24,-4.06,6.73,0.10,0.34,-0.00,11.77
1,1.32,-1.71,6.73,-0.08,-0.07,-0.00,11.77
2,-2.82,2.61,6.73,0.27,-0.35,-0.00,11.77
3,-2.04,-0.73,6.73,0.14,-0.60,-0.00,11.77
4,0.53,1.73,6.73,-0.08,-0.07,-0.00,11.77
0,-1.27,-4.14,6.73,-0.25,-0.83,-0.00,11.77
1,1.34,-1.65,6.73,0.22,0.56,-0.00,11.77
2,-2.85,2.59,6.73,-0.32,-0.19,-0.00,11.77
3,-2.08,-0.71,6.73,-0.40,0.21,-0.00,11.77
4,0.53,1.71,6.73,-0.05,-0.17,-0.00,11.77
0,-1.26,-4.11,6.73,0.10,0.34,-0.00,11.77
1,1.31,-1.65,6.73,-0.30,0.08,-0.00,11.77
2,-2.91,2.65,6.73,-0.60,0.63,-0.00,11.77
3,-2.06,-0.75,6.73,0.19,-0.43,-0.00,11.77
4,0.57,1.70,6.73,0.40,-0.19,-0.00,11.77
0,-1.25,-4.12,6.73,0.12,-0.12,-0.00,11.77
1,1.34,-1.65,6.73,0.28,-0.07,-0.00,11.77
2,-2.89,2.62,6.73,0.17,-0.32,-0.00,11.77
3,-2.10,-0.72,6.73,-0.43,0.30,-0.00,11.77
4,0.54,1.67,6.73,-0.23,-0.21,-0.00,11.77
0,-1.24,-4.09,6.73,0.10,0.34,-0.00,11.77
1,1.31,-1.65,6.73,-0.30,0.08,-0.00,11.77
2,-2.87,2.63,6.73,0.15,0.14,-0.00,11.77
3,-2.07,-0.76,6.73,0.29,-0.45,-0.00,11.77
4,0.51,1.70,6.73,-0.35,0.28,-0.00,11.77
0,-1.22,-4.09,6.73,0.20,-0.06,-0.00,11.77
1,1.29,-1.64,6.73,-0.20,0.05,-0.00,11.77
2,-2.87,2.67,6.73,0.01,0.36,-0.00,11.77
3,-2.12,-0.75,6.73,-0.49,0.14,-0.00,11.77
4,0.49,1.73,6.73,-0.17,0.32,-0.00,11.77
0,-1.21,-4.05,6.73,0.07,0.44,-0.00,11.77
1,1.28,-1.68,6.73,-0.08,-0.43,-0.00,11.77
2,-2.87,2.66,6.73,0.02,-0.10,-0.00,11.77
3,-2.12,-0.70,6.73,-0.05,0.56,-0.00,11.77
4,0.52,1.75,6.73,0.24,0.11,-0.00,11.77
0,-1.23,-4.10,6.73,-0.23,-0.46,-0.00,11.77
1,1.30,-1.63,6.73,0.22,0.58,-0.00,11.77
2,-2.86,2.67,6.73,0.16,0.15,-0.00,11.77
3,-2.12,-0.70,6.73,0.08,-0.04,-0.00,11.77
4,0.50,1.72,6.73,-0.13,-0.24,-0.00,11.77
0,-1.23,-4.05,6.73,-0.02,0.47,-0.00,11.77
1,1.30,-1.68,6.73,-0.06,-0.54,-0.00,11.77
2,-2.91,2.74,6.73,-0.58,0.63,-0.00,11.77
3,-2.09,-0.74,6.73,0.28,-0.45,-0.00,11.77
4,0.49,1.70,6.73,-0.13,-0.24,-0.00,11.77
0,-1.26,-4.10,6.73,-0.24,-0.47,-0.00,11.77
1,1.32,-1.68,6.73,0.26,0.01,-0.00,11.77
2,-2.89,2.71,6.73,0.25,-0.26,-0.00,11.77
3,-2.07,-0.73,6.73,0.15,0.15,-0.00,11.77
4,0.46,1.72,6.73,-0.34,0.28,-0.00,11.77
0,-1.23,-4.12,6.73,0.24,-0.25,-0.00,11.77
1,1.30,-1.65,6.73,-0.25,0.25,-0.00,11.77
2,-2.93,2.69,6.73,-0.40,-0.16,-0.00,11.77
3,-2.07,-0.67,6.73,0.03,0.63,-0.00,11.77
4,0.50,1.68,6.73,0.38,-0.48,-0.00,11.77
0,-1.23,-4.08,6.73,0.07,0.44,-0.00,11.77
1,1.28,-1.69,6.73,-0.18,-0.41,-0.00,11.77
2,-2.91,2.71,6.73,0.15,0.13,-0.00,11.77
3,-2.08,-0.76,6.73,-0.12,-0.95,-0.00,11.77
4,0.51,1.76,6.73,0.15,0.86,-0.00,11.77
0,-1.24,-4.14,6.73,-0.19,-0.67,-0.00,11.77
1,1.35,-1.65,6.73,0.70,0.44,-0.00,11.77
2,-2.89,2.66,6.73,0.30,-0.45,-0.00,11.77
3,-2.14,-0.68,6.73,-0.55,0.80,-0.00,11.77
4,0.50,1.75,6.73,-0.05,-0.17,-0.00,11.77
0,-1.25,-4.10,6.73,-0.02,0.47,-0.00,11.77
1,1.33,-1.69,6.73,-0.18,-0.40,-0.00,11.77
2,-2.86,2.63,6.73,0.27,-0.35,-0.00,11.77
3,-2.11,-0.74,6.73,0.32,-0.55,-0.00,11.77
4,0.48,1.78,6.73,-0.27,0.33,-0.00,11.77
0,-1.22,-4.12,6.73,0.25,-0.24,-0.00,11.77
1,1.30,-1.67,6.73,-0.32,0.18,-0.00,11.77
2,-2.91,2.67,6.73,-0.55,0.42,-0.00,11.77
3,-2.09,-0.73,6.73,0.18,0.05,-0.00,11.77
4,0.47,1.74,6.73,-0.10,-0.35,-0.00,11.77
0,-1.20,-4.15,6.73,0.17,-0.31,-0.00,11.77
1,1.28,-1.67,6.73,-0.20,0.06,-0.00,11.77
2,-2.92,2.71,6.73,-0.02,0.45,-0.